Binder1,A_ZCON_13_swap,A_ZCON_150_swap,A_ZCON_154_swap,A_ZCON_155_swap,A_ZCON_15_re_loop_swap,A_ZCON_162_swap,A_ZCON_37_3_swap,A_ZCON_37_swap,A_ZCON_6_swap,B_ZCON_13_swap,B_ZCON_150_swap,B_ZCON_154_swap,B_ZCON_155_swap,B_ZCON_15_re_loop_swap,B_ZCON_162_swap,B_ZCON_37_3_swap,B_ZCON_37_swap,B_ZCON_6_swap,DHDr2_00_A,DHDr2_00_B,DHDr2_01_A,DHDr2_01_B,DHDr2_02_A,DHDr2_02_B,DHDr2_03_A,DHDr2_03_B,DHDr2_04_A,DHDr2_04_B,DHDr2_05_A,DHDr2_05_B,DHDr2_06_A,DHDr2_06_B,DHDr2_07_A,DHDr2_07_B,DHDr2_08_A,DHDr2_08_B,DHDr2_09_A,DHDr2_09_B,DHDr2_10_A,DHDr2_10_B,DHDr2_11_A,DHDr2_11_B,DHDr2_12_A,DHDr2_12_B,DHDr2_13_A,DHDr2_13_B,DHDr2_14_A,DHDr2_14_B,DHDr2_15_A,DHDr2_15_B,DHDr2_16_A,DHDr2_16_B,DHDr2_17_A,DHDr2_17_B,DHDr2_18_A,DHDr2_18_B,DHDr2_19_A,DHDr2_19_B,DHDr2_20_A,DHDr2_20_B,ZCON_150_LL_A,ZCON_150_LL_B,ZCON_150_resurf_A,ZCON_150_resurf_B,ZCON_152_A,ZCON_152_B,ZCON_152_T2_A,ZCON_152_T2_B,ZCON_152_T4_A,ZCON_152_T4_B,ZCON_154_LL_A,ZCON_154_LL_B,ZCON_154_resurf_A,ZCON_154_resurf_B,ZCON_155_LL_A,ZCON_155_LL_B,ZCON_155_cutT2_A,ZCON_155_cutT2_B,ZCON_155_cutT4_A,ZCON_155_cutT4_B,ZCON_155_cutT5_A,ZCON_155_cutT5_B,ZCON_155_resurf_A,ZCON_155_resurf_B,ZCON_15_re_loop_LL_A,ZCON_15_re_loop_LL_B,ZCON_15_re_loop_resurf_A,ZCON_15_re_loop_resurf_B,ZCON_2_CC_A,ZCON_2_CC_B,ZCON_2_CC_resurf_A,ZCON_2_CC_resurf_B,ZCON_2_CC_resurf_cutT2_A,ZCON_2_CC_resurf_cutT2_B,ZCON_2_CC_resurf_cutT4_A,ZCON_2_CC_resurf_cutT4_B,ZCON_2_CC_resurf_cutT6_A,ZCON_2_CC_resurf_cutT6_B,ZCON_37_LL_A,ZCON_37_LL_B,ZCON_37_resurf_A,ZCON_37_resurf_B,ZCON_VR_2_A,ZCON_VR_2_B,ZCON_VR_2_cutT2_A,ZCON_VR_2_cutT2_B,ZCON_VR_2_cutT4_A,ZCON_VR_2_cutT4_B,ZCON_VR_2_cutT6_A,ZCON_VR_2_cutT6_B,ZCON_VR_2_resurf_A,ZCON_VR_2_resurf_B,mALb8_A,mALb8_B,mALb8_cutT1_A,mALb8_cutT1_B,mALb8_cutT2_A,mALb8_cutT2_B,mALb8_cutT3_A,mALb8_cutT3_B,mALb8_cutT4_A,mALb8_cutT4_B
A_ZCON_13_swap,119.0,2038.0,2382.0,1758.0,532.0,1173.0,512.0,1151.0,4161.0,3046.0,1751.0,1578.0,2.0,1887.0,697.0,798.0,1155.0,1125.0,1696.0,320.0,233.0,1207.0,329.0,674.0,1763.0,1033.0,3195.0,1751.0,541.0,451.0,1269.0,4.0,534.0,1049.0,2094.0,755.0,1207.0,525.0,877.0,1024.0,913.0,1805.0,81.0,666.0,1304.0,1040.0,421.0,866.0,1800.0,903.0,2577.0,1176.0,1.0,2137.0,415.0,998.0,1235.0,1460.0,583.0,991.0,1774.0,3606.0,1504.0,308.0,164.0,3443.0,13.0,415.0,826.0,240.0,1345.0,1841.0,2191.0,3037.0,4599.0,1534.0,1325.0,405.0,1692.0,184.0,1.0,198.0,4698.0,11.0,1541.0,4690.0,90.0,608.0,1597.0,,1180.0,408.0,1270.0,2119.0,472.0,856.0,,712.0,1432.0,777.0,1027.0,762.0,159.0,1394.0,1753.0,1019.0,6.0,5.0,369.0,791.0,2713.0,1180.0,48.0,2.0,1.0,5.0,,302.0,908.0,65.0,,3.0
A_ZCON_150_swap,1410.0,6151.0,5814.0,6493.0,5680.0,3218.0,685.0,3768.0,2550.0,2379.0,5976.0,5195.0,1078.0,3770.0,3130.0,3403.0,2152.0,2520.0,5069.0,1826.0,664.0,3470.0,894.0,27.0,2300.0,7926.0,3127.0,4042.0,9559.0,6003.0,3144.0,1492.0,2327.0,3796.0,1253.0,5432.0,957.0,4875.0,4463.0,2589.0,4020.0,8453.0,213.0,3643.0,2520.0,9848.0,1995.0,1547.0,3214.0,5220.0,4153.0,3702.0,55.0,3404.0,4072.0,4967.0,6561.0,2163.0,1805.0,1947.0,11541.0,8350.0,1978.0,1799.0,2266.0,3472.0,1298.0,2604.0,1052.0,18.0,11645.0,15346.0,4274.0,6524.0,15214.0,5189.0,2327.0,934.0,2751.0,698.0,1237.0,1693.0,8087.0,1449.0,3173.0,13866.0,2565.0,7271.0,4555.0,317.0,5170.0,11346.0,5179.0,4795.0,2633.0,3160.0,375.0,13.0,7413.0,5054.0,3187.0,1961.0,852.0,4611.0,5645.0,4673.0,3082.0,1386.0,948.0,1040.0,4459.0,5136.0,4183.0,1390.0,1841.0,2802.0,1881.0,13.0,754.0,582.0,2592.0,1393.0
A_ZCON_154_swap,1835.0,9654.0,5082.0,2651.0,5376.0,3687.0,1393.0,1754.0,4854.0,2649.0,3663.0,4714.0,1816.0,2591.0,7383.0,2596.0,940.0,2329.0,6248.0,1118.0,979.0,2185.0,997.0,1696.0,1873.0,6197.0,940.0,11692.0,7254.0,2519.0,747.0,523.0,296.0,3366.0,1924.0,3020.0,4642.0,2611.0,1774.0,3129.0,1625.0,4608.0,6.0,498.0,1613.0,7456.0,788.0,1517.0,5545.0,2317.0,3796.0,4304.0,1148.0,7057.0,4228.0,8760.0,2348.0,3044.0,4795.0,606.0,7336.0,11480.0,7257.0,1184.0,969.0,5847.0,1576.0,2384.0,2219.0,1271.0,10590.0,2705.0,557.0,1494.0,12711.0,2118.0,774.0,13.0,2664.0,871.0,226.0,1392.0,5387.0,2199.0,3643.0,7718.0,1437.0,1776.0,4024.0,2.0,2245.0,5362.0,2485.0,1355.0,1238.0,738.0,4.0,1203.0,6948.0,6728.0,1407.0,4384.0,2020.0,2277.0,2265.0,2990.0,2089.0,14.0,210.0,2215.0,2503.0,7475.0,1037.0,4192.0,1633.0,96.0,317.0,5083.0,786.0,6.0,3.0,2.0
A_ZCON_155_swap,1818.0,5526.0,5194.0,3495.0,6232.0,1553.0,1579.0,1426.0,1585.0,2092.0,451.0,1960.0,346.0,1679.0,3860.0,186.0,2201.0,2527.0,3170.0,1255.0,217.0,1580.0,259.0,2106.0,1557.0,8903.0,4050.0,1487.0,667.0,4709.0,851.0,2485.0,4821.0,2167.0,979.0,2080.0,1609.0,1172.0,2598.0,3674.0,292.0,5240.0,494.0,1021.0,5247.0,5998.0,461.0,2905.0,3080.0,3746.0,2690.0,4316.0,42.0,1363.0,1796.0,5167.0,1000.0,23.0,413.0,4776.0,3041.0,4507.0,5147.0,3853.0,776.0,1057.0,1700.0,791.0,11.0,844.0,6771.0,2868.0,1935.0,2319.0,7116.0,2605.0,427.0,1057.0,800.0,5.0,340.0,10.0,5641.0,4281.0,2432.0,3916.0,2490.0,5076.0,1656.0,4.0,2401.0,4057.0,970.0,4550.0,310.0,857.0,60.0,3.0,3257.0,891.0,473.0,4360.0,1106.0,2017.0,3631.0,1721.0,2521.0,260.0,287.0,634.0,893.0,2354.0,304.0,10.0,3992.0,1693.0,286.0,904.0,1363.0,1881.0,618.0,6.0
A_ZCON_15_re_loop_swap,351.0,1338.0,4091.0,1657.0,1233.0,1666.0,3.0,483.0,3711.0,262.0,522.0,2470.0,89.0,3208.0,1775.0,921.0,1885.0,280.0,817.0,2745.0,3.0,1589.0,2.0,8.0,3259.0,2060.0,3240.0,743.0,1375.0,819.0,253.0,370.0,13.0,1676.0,603.0,2905.0,578.0,235.0,443.0,1687.0,1342.0,4778.0,364.0,2270.0,297.0,1862.0,934.0,485.0,1612.0,935.0,2765.0,1366.0,67.0,1242.0,190.0,11.0,596.0,1892.0,882.0,404.0,1254.0,1708.0,1945.0,380.0,494.0,2769.0,3.0,6.0,3.0,2.0,5387.0,965.0,2046.0,2833.0,2912.0,1858.0,378.0,121.0,38.0,152.0,1.0,5.0,3217.0,998.0,717.0,3958.0,1408.0,1959.0,951.0,5.0,33.0,804.0,3239.0,801.0,872.0,340.0,3.0,,2548.0,1984.0,1385.0,705.0,793.0,1571.0,3655.0,1410.0,483.0,579.0,,854.0,616.0,2138.0,8.0,6.0,70.0,1202.0,564.0,7.0,1.0,3.0,269.0,11.0
A_ZCON_162_swap,499.0,4319.0,5724.0,5857.0,3146.0,860.0,426.0,727.0,1937.0,15.0,3064.0,2482.0,1112.0,3738.0,3294.0,1577.0,728.0,3372.0,3148.0,1330.0,2787.0,767.0,356.0,546.0,1353.0,3870.0,2448.0,3633.0,2131.0,2959.0,1881.0,459.0,1835.0,3673.0,1058.0,1770.0,3483.0,953.0,1635.0,2266.0,2506.0,4906.0,228.0,511.0,1662.0,3958.0,868.0,2720.0,3824.0,2482.0,4313.0,3145.0,568.0,2315.0,1616.0,1608.0,1656.0,5384.0,121.0,1018.0,4048.0,6396.0,949.0,1064.0,3344.0,1085.0,1593.0,1833.0,440.0,1765.0,4461.0,1546.0,2011.0,2743.0,7301.0,2367.0,1855.0,996.0,9.0,499.0,850.0,1882.0,4375.0,604.0,3061.0,10024.0,2218.0,3795.0,6597.0,1039.0,6875.0,4404.0,4094.0,5674.0,661.0,1062.0,486.0,4.0,4775.0,2151.0,2687.0,2440.0,1685.0,5291.0,2360.0,2528.0,3028.0,1453.0,845.0,103.0,2622.0,3176.0,585.0,1305.0,1413.0,1084.0,2.0,757.0,955.0,3.0,350.0,198.0
A_ZCON_37_3_swap,555.0,3435.0,1657.0,2954.0,3888.0,2855.0,1.0,1017.0,894.0,1221.0,673.0,2154.0,371.0,867.0,1532.0,7.0,954.0,1880.0,2048.0,904.0,217.0,624.0,194.0,286.0,174.0,1669.0,1233.0,2539.0,1383.0,2449.0,491.0,81.0,4074.0,1695.0,120.0,1227.0,560.0,10.0,1868.0,2370.0,854.0,4525.0,423.0,1306.0,2479.0,4035.0,309.0,1094.0,1298.0,582.0,2241.0,754.0,785.0,898.0,734.0,1227.0,634.0,1365.0,4.0,1034.0,1432.0,2959.0,2305.0,760.0,253.0,981.0,57.0,2.0,776.0,540.0,1456.0,2807.0,955.0,2422.0,3358.0,1519.0,719.0,6.0,243.0,1219.0,2.0,165.0,2173.0,885.0,1906.0,2293.0,194.0,579.0,2031.0,2.0,1659.0,916.0,299.0,3752.0,1150.0,514.0,1604.0,3.0,2907.0,3866.0,1097.0,319.0,921.0,2896.0,715.0,1325.0,319.0,906.0,227.0,1100.0,2193.0,1160.0,1102.0,1718.0,315.0,333.0,973.0,2826.0,601.0,559.0,5.0,4.0
A_ZCON_37_swap,1069.0,3628.0,2328.0,1648.0,3047.0,2250.0,354.0,5.0,4419.0,2536.0,1354.0,3518.0,897.0,4544.0,1658.0,1364.0,1157.0,18.0,1528.0,1067.0,2220.0,992.0,226.0,622.0,1049.0,1439.0,781.0,828.0,3062.0,2277.0,2122.0,460.0,1196.0,2418.0,653.0,3141.0,818.0,448.0,1247.0,261.0,1786.0,3706.0,6.0,900.0,2069.0,3219.0,857.0,1137.0,1112.0,741.0,696.0,1307.0,5.0,1628.0,124.0,710.0,75.0,636.0,1147.0,397.0,2693.0,1653.0,915.0,1655.0,1916.0,1698.0,1360.0,519.0,79.0,278.0,3062.0,4378.0,651.0,1519.0,5322.0,1036.0,2574.0,1274.0,1249.0,3.0,3.0,420.0,2978.0,1491.0,2445.0,4219.0,3046.0,2069.0,625.0,3.0,3951.0,3427.0,1588.0,2500.0,1645.0,7.0,4.0,736.0,2864.0,3021.0,2387.0,1018.0,1464.0,4128.0,103.0,1548.0,568.0,7.0,350.0,325.0,3205.0,1640.0,2124.0,1108.0,4.0,1782.0,1.0,159.0,1572.0,250.0,366.0,1.0
A_ZCON_6_swap,135.0,2830.0,2632.0,4330.0,2371.0,677.0,1385.0,1140.0,375.0,7.0,2933.0,2010.0,894.0,3571.0,1303.0,1890.0,191.0,1328.0,1608.0,1448.0,192.0,1023.0,871.0,667.0,767.0,2038.0,1129.0,2479.0,2664.0,1343.0,905.0,3.0,2655.0,749.0,400.0,766.0,1872.0,543.0,745.0,1595.0,1275.0,5928.0,398.0,1837.0,2117.0,1784.0,1518.0,5.0,1463.0,1478.0,2034.0,1424.0,11.0,1405.0,437.0,518.0,16.0,1317.0,8.0,391.0,2078.0,1539.0,1537.0,1080.0,1395.0,429.0,287.0,559.0,1610.0,1999.0,3870.0,3594.0,889.0,1841.0,5935.0,772.0,954.0,4.0,971.0,2.0,2.0,503.0,247.0,669.0,4079.0,3326.0,2219.0,3116.0,699.0,3.0,2458.0,2590.0,1070.0,2945.0,1137.0,6.0,863.0,225.0,4314.0,910.0,616.0,3723.0,447.0,1414.0,1361.0,2729.0,10.0,4.0,288.0,478.0,2148.0,1555.0,248.0,1852.0,836.0,277.0,6.0,2069.0,1025.0,855.0,3.0,3.0
B_ZCON_13_swap,165.0,1498.0,2744.0,4163.0,2911.0,850.0,212.0,446.0,1654.0,3000.0,484.0,1830.0,3.0,2774.0,596.0,345.0,1267.0,1342.0,1724.0,12.0,181.0,47.0,21.0,505.0,16.0,3004.0,13.0,2622.0,741.0,2243.0,1093.0,646.0,746.0,1208.0,287.0,2907.0,565.0,355.0,1641.0,2169.0,3802.0,4063.0,425.0,794.0,1062.0,3232.0,153.0,1124.0,2118.0,14.0,3136.0,1771.0,6.0,2081.0,1518.0,3466.0,2968.0,2524.0,1542.0,389.0,1923.0,2079.0,3465.0,1104.0,113.0,1537.0,1001.0,193.0,17.0,171.0,4741.0,1411.0,2635.0,1620.0,5867.0,3037.0,3190.0,1417.0,5.0,164.0,321.0,288.0,3728.0,1352.0,1506.0,3292.0,1210.0,86.0,2049.0,1.0,1023.0,3106.0,1339.0,922.0,6.0,46.0,306.0,1282.0,4169.0,3375.0,1976.0,657.0,954.0,3545.0,772.0,2001.0,10.0,261.0,519.0,422.0,1277.0,1494.0,1390.0,522.0,1529.0,4.0,1.0,570.0,2.0,378.0,720.0,295.0
B_ZCON_150_swap,444.0,4563.0,3645.0,1913.0,1789.0,4316.0,474.0,1636.0,3296.0,787.0,2748.0,2548.0,1084.0,3128.0,468.0,89.0,351.0,1546.0,3570.0,3133.0,5.0,520.0,674.0,694.0,780.0,3294.0,1178.0,2143.0,3083.0,2060.0,1319.0,630.0,850.0,2708.0,803.0,844.0,2760.0,1236.0,2135.0,1717.0,1748.0,3786.0,10.0,1706.0,1245.0,4262.0,1291.0,973.0,1992.0,3647.0,3885.0,1121.0,139.0,1690.0,2540.0,2999.0,279.0,4013.0,302.0,354.0,2089.0,4753.0,2342.0,3517.0,422.0,3232.0,547.0,596.0,195.0,898.0,4306.0,4927.0,2021.0,4562.0,3149.0,3048.0,946.0,912.0,12.0,270.0,320.0,808.0,4906.0,2390.0,3073.0,4813.0,750.0,1763.0,2560.0,913.0,1284.0,1240.0,831.0,2497.0,1291.0,1418.0,1.0,3.0,4686.0,4005.0,1743.0,741.0,250.0,3450.0,997.0,2227.0,760.0,821.0,1273.0,1475.0,185.0,3166.0,369.0,294.0,384.0,9.0,429.0,5.0,302.0,1297.0,1.0,3.0
B_ZCON_154_swap,263.0,4422.0,4981.0,1687.0,2648.0,1645.0,2108.0,382.0,2031.0,614.0,1140.0,1744.0,1220.0,6079.0,3348.0,1370.0,8.0,250.0,3698.0,1080.0,456.0,1417.0,330.0,1030.0,93.0,257.0,636.0,1361.0,1055.0,4994.0,1449.0,428.0,248.0,2978.0,1459.0,1295.0,1187.0,1568.0,1025.0,1275.0,1530.0,6522.0,2137.0,1708.0,15.0,2700.0,714.0,358.0,609.0,1030.0,1185.0,1862.0,3.0,817.0,563.0,3231.0,3184.0,4784.0,2657.0,5214.0,383.0,1345.0,1847.0,2195.0,1634.0,2196.0,657.0,504.0,749.0,7.0,1662.0,3455.0,807.0,1427.0,6762.0,2970.0,7.0,276.0,660.0,987.0,1.0,621.0,5041.0,820.0,1152.0,2489.0,2996.0,993.0,1214.0,,3135.0,4355.0,1222.0,6450.0,9.0,7.0,1.0,410.0,2946.0,1057.0,1307.0,1085.0,681.0,1759.0,1309.0,17.0,6.0,1418.0,1.0,1408.0,2826.0,1677.0,854.0,1126.0,601.0,5.0,2141.0,1330.0,1.0,2.0,580.0,4.0
B_ZCON_155_swap,703.0,2216.0,2228.0,1135.0,899.0,695.0,536.0,1195.0,918.0,5.0,1504.0,294.0,620.0,2749.0,1425.0,248.0,233.0,1424.0,7.0,8.0,2.0,389.0,57.0,4.0,775.0,3432.0,1593.0,1105.0,2400.0,2714.0,338.0,162.0,222.0,1679.0,1009.0,263.0,974.0,2.0,464.0,1879.0,726.0,5164.0,125.0,375.0,1152.0,1212.0,314.0,1186.0,1014.0,400.0,14.0,1085.0,,490.0,2580.0,1712.0,189.0,2553.0,852.0,447.0,835.0,3029.0,1032.0,555.0,4.0,1966.0,225.0,1034.0,7.0,311.0,1157.0,2159.0,4.0,1070.0,6565.0,1640.0,11.0,98.0,4.0,113.0,453.0,506.0,1113.0,1654.0,209.0,1312.0,750.0,788.0,4339.0,2.0,290.0,2395.0,13.0,2676.0,757.0,1130.0,670.0,2174.0,821.0,1204.0,983.0,351.0,711.0,827.0,1017.0,1501.0,685.0,416.0,297.0,1201.0,1015.0,328.0,5.0,5.0,4.0,545.0,1.0,310.0,1.0,668.0,2.0,309.0
B_ZCON_15_re_loop_swap,860.0,3885.0,3859.0,765.0,918.0,160.0,435.0,759.0,1160.0,103.0,598.0,543.0,884.0,689.0,1531.0,676.0,1154.0,1588.0,1573.0,776.0,1.0,1129.0,100.0,2120.0,281.0,1261.0,1522.0,200.0,338.0,1895.0,717.0,2.0,2649.0,1568.0,939.0,1958.0,372.0,123.0,884.0,1414.0,322.0,3381.0,7.0,966.0,1319.0,1374.0,583.0,571.0,1147.0,670.0,642.0,416.0,51.0,2075.0,183.0,4423.0,10.0,3150.0,110.0,1007.0,672.0,3835.0,984.0,1256.0,845.0,2205.0,1028.0,342.0,4.0,438.0,1452.0,3985.0,959.0,1234.0,4515.0,979.0,1189.0,6.0,1.0,5.0,1.0,826.0,3747.0,1785.0,1890.0,5736.0,604.0,3408.0,1294.0,1.0,2017.0,123.0,1617.0,47.0,767.0,434.0,1.0,1.0,580.0,2991.0,1522.0,2257.0,212.0,722.0,4360.0,189.0,1528.0,485.0,2.0,121.0,290.0,908.0,1381.0,1236.0,498.0,572.0,509.0,336.0,3.0,1.0,1.0,2.0
B_ZCON_162_swap,177.0,4379.0,2731.0,4696.0,2642.0,1926.0,1068.0,431.0,1074.0,1328.0,150.0,3424.0,386.0,3490.0,1437.0,971.0,2148.0,2265.0,4119.0,2307.0,131.0,1486.0,1385.0,154.0,4610.0,3053.0,1693.0,2197.0,1381.0,184.0,2364.0,1514.0,3120.0,1162.0,613.0,3301.0,3895.0,1825.0,1600.0,1945.0,1431.0,4158.0,306.0,462.0,2033.0,1308.0,925.0,2184.0,1410.0,1317.0,2069.0,2586.0,864.0,1059.0,2259.0,2718.0,2375.0,2428.0,1210.0,2055.0,3176.0,5111.0,9573.0,2028.0,3064.0,1692.0,1684.0,1435.0,294.0,267.0,4305.0,3202.0,691.0,1374.0,6873.0,1515.0,6.0,9.0,170.0,234.0,784.0,776.0,2268.0,1566.0,2597.0,5595.0,2450.0,3721.0,4336.0,4.0,1523.0,2810.0,426.0,2979.0,801.0,8.0,3.0,1.0,1210.0,5297.0,1280.0,994.0,363.0,3082.0,1937.0,3188.0,894.0,1200.0,895.0,877.0,4669.0,931.0,940.0,928.0,6.0,327.0,92.0,1793.0,1129.0,3.0,2.0,1.0
B_ZCON_37_3_swap,346.0,2345.0,2456.0,5591.0,2615.0,1283.0,1644.0,863.0,4987.0,1543.0,861.0,2097.0,618.0,4945.0,4060.0,663.0,224.0,4230.0,3803.0,890.0,140.0,2349.0,1184.0,1237.0,2958.0,4090.0,1601.0,5788.0,2481.0,4314.0,442.0,242.0,2595.0,405.0,1308.0,1342.0,1831.0,482.0,1385.0,1588.0,786.0,1946.0,179.0,377.0,1226.0,3535.0,541.0,987.0,3294.0,1843.0,3746.0,2286.0,36.0,2885.0,1075.0,1598.0,3800.0,2923.0,121.0,911.0,3789.0,2992.0,2224.0,3243.0,848.0,4931.0,386.0,1425.0,680.0,612.0,3620.0,5910.0,1871.0,1969.0,5972.0,1191.0,4.0,206.0,830.0,185.0,4.0,1033.0,3022.0,1680.0,2764.0,6234.0,3615.0,2472.0,2733.0,874.0,1450.0,3371.0,980.0,5641.0,58.0,549.0,4.0,51.0,5005.0,5543.0,42.0,1319.0,363.0,1208.0,1673.0,3662.0,1896.0,954.0,556.0,482.0,2030.0,1278.0,1483.0,12.0,61.0,4.0,579.0,882.0,735.0,177.0,2.0,1.0
B_ZCON_37_swap,900.0,2769.0,1137.0,3876.0,2078.0,1594.0,2431.0,1050.0,1592.0,529.0,1996.0,4431.0,597.0,3041.0,2980.0,745.0,366.0,2386.0,5013.0,1011.0,324.0,2150.0,888.0,2296.0,3197.0,4547.0,3213.0,1954.0,2044.0,2945.0,1971.0,1084.0,1696.0,1948.0,2477.0,3417.0,2699.0,1024.0,1467.0,568.0,276.0,2276.0,237.0,589.0,555.0,391.0,835.0,841.0,1290.0,588.0,2463.0,620.0,39.0,2359.0,2848.0,1336.0,212.0,1177.0,517.0,1901.0,3935.0,4908.0,1645.0,973.0,1361.0,342.0,723.0,977.0,273.0,102.0,4480.0,5967.0,1405.0,5461.0,2710.0,4017.0,2407.0,905.0,284.0,279.0,273.0,133.0,3673.0,2211.0,1507.0,3324.0,1466.0,1059.0,2837.0,2.0,3528.0,3839.0,2536.0,477.0,724.0,6.0,808.0,,1266.0,819.0,1374.0,486.0,12.0,3392.0,222.0,1662.0,716.0,409.0,3.0,557.0,946.0,3203.0,328.0,1041.0,968.0,728.0,271.0,814.0,1.0,,1.0,4.0
B_ZCON_6_swap,1108.0,1652.0,4395.0,678.0,4867.0,4138.0,679.0,1354.0,2520.0,1312.0,14.0,5156.0,1376.0,2749.0,2822.0,1262.0,2445.0,2203.0,2714.0,2401.0,28.0,1100.0,668.0,958.0,3802.0,3425.0,1231.0,6997.0,3112.0,1527.0,1540.0,134.0,2503.0,1418.0,1836.0,806.0,1845.0,815.0,1002.0,857.0,1877.0,5170.0,667.0,1382.0,3140.0,2670.0,1151.0,2673.0,1374.0,1869.0,2742.0,703.0,70.0,2921.0,919.0,4608.0,1378.0,2023.0,1091.0,387.0,3519.0,5085.0,1816.0,564.0,884.0,1917.0,381.0,539.0,255.0,1038.0,5214.0,2408.0,1571.0,2208.0,5485.0,2374.0,10.0,1935.0,20.0,649.0,258.0,1280.0,4289.0,884.0,2773.0,6757.0,2024.0,2995.0,3210.0,,3570.0,2677.0,2330.0,2031.0,536.0,1481.0,1.0,335.0,4963.0,1509.0,1184.0,1671.0,400.0,1328.0,3132.0,2014.0,1011.0,1718.0,3.0,611.0,586.0,3893.0,1409.0,573.0,2012.0,408.0,5.0,1652.0,821.0,416.0,1.0,231.0
DHDr2_00_A,54.0,5746.0,2810.0,2639.0,3905.0,603.0,993.0,1892.0,1419.0,983.0,1553.0,2776.0,137.0,2138.0,3801.0,1366.0,1189.0,1100.0,1335.0,2222.0,20.0,12.0,1047.0,1419.0,2104.0,3880.0,1449.0,2428.0,3761.0,2115.0,2032.0,212.0,1840.0,4114.0,1660.0,900.0,1145.0,1219.0,1888.0,296.0,2523.0,3809.0,626.0,1085.0,386.0,2934.0,362.0,246.0,1782.0,3012.0,1649.0,458.0,573.0,788.0,1692.0,1206.0,879.0,4262.0,1202.0,429.0,1630.0,4087.0,3434.0,1205.0,2979.0,1134.0,396.0,391.0,1506.0,943.0,1277.0,3501.0,1307.0,3133.0,5294.0,4577.0,1278.0,44.0,1027.0,88.0,2.0,253.0,2543.0,885.0,995.0,5596.0,3136.0,2217.0,2359.0,1.0,2141.0,2403.0,3863.0,2175.0,904.0,82.0,3.0,2.0,3359.0,907.0,481.0,1028.0,477.0,1962.0,1898.0,304.0,997.0,9.0,2.0,354.0,2139.0,4801.0,683.0,574.0,22.0,1326.0,4.0,2875.0,316.0,4.0,3.0,
DHDr2_00_B,472.0,2194.0,2614.0,1904.0,1431.0,2748.0,10.0,198.0,2733.0,705.0,1890.0,1923.0,26.0,2189.0,2223.0,781.0,1259.0,2142.0,1901.0,422.0,696.0,1670.0,721.0,295.0,242.0,1026.0,1547.0,3245.0,522.0,2817.0,849.0,923.0,417.0,730.0,803.0,1475.0,10.0,1078.0,3014.0,2505.0,786.0,1834.0,344.0,939.0,2466.0,1126.0,2158.0,1398.0,1611.0,2391.0,3137.0,1207.0,,1448.0,1246.0,3225.0,1427.0,932.0,1440.0,312.0,3571.0,1548.0,1926.0,605.0,1198.0,1217.0,270.0,401.0,436.0,4.0,2420.0,4800.0,721.0,4103.0,3949.0,1913.0,1138.0,438.0,4905.0,1057.0,,1968.0,5291.0,1235.0,1255.0,4946.0,1300.0,506.0,1090.0,3.0,833.0,1400.0,11.0,315.0,3.0,917.0,2.0,472.0,3753.0,1335.0,844.0,346.0,1846.0,2949.0,2236.0,942.0,612.0,34.0,431.0,1577.0,2545.0,859.0,475.0,982.0,4.0,77.0,7.0,5.0,132.0,130.0,,3.0
DHDr2_01_A,141.0,1528.0,3257.0,3847.0,1274.0,13.0,713.0,8.0,2091.0,646.0,1074.0,1154.0,155.0,783.0,1783.0,300.0,1167.0,691.0,401.0,835.0,153.0,429.0,234.0,8.0,1102.0,785.0,1967.0,4846.0,346.0,421.0,900.0,533.0,36.0,1713.0,302.0,1293.0,1078.0,211.0,450.0,247.0,293.0,2948.0,97.0,865.0,2140.0,2338.0,361.0,530.0,2725.0,852.0,624.0,1179.0,119.0,789.0,15.0,2145.0,969.0,1061.0,418.0,1522.0,1114.0,3236.0,2193.0,159.0,596.0,1041.0,673.0,128.0,1022.0,637.0,5632.0,2576.0,1534.0,1174.0,5502.0,2181.0,729.0,659.0,197.0,578.0,,4.0,1442.0,390.0,1604.0,2030.0,944.0,3369.0,3263.0,1331.0,311.0,2301.0,729.0,1973.0,279.0,6.0,1.0,1148.0,3089.0,1776.0,21.0,1389.0,166.0,1512.0,1515.0,555.0,2436.0,345.0,3.0,390.0,1457.0,3841.0,1907.0,4432.0,6.0,3.0,1.0,658.0,2.0,1.0,1033.0,1.0
DHDr2_01_B,613.0,3702.0,4689.0,9367.0,2350.0,1914.0,772.0,526.0,1818.0,574.0,2069.0,1779.0,724.0,5408.0,4226.0,870.0,296.0,1426.0,4697.0,3074.0,328.0,2.0,247.0,157.0,673.0,6601.0,4156.0,1377.0,3106.0,1632.0,1270.0,321.0,1465.0,1846.0,2042.0,2800.0,1194.0,542.0,455.0,493.0,3088.0,4076.0,77.0,4590.0,1440.0,2761.0,1849.0,2614.0,2134.0,1817.0,1912.0,474.0,1.0,1680.0,227.0,3954.0,602.0,2366.0,976.0,638.0,2791.0,6336.0,2612.0,2311.0,1402.0,4123.0,1304.0,666.0,522.0,1031.0,4442.0,5879.0,1202.0,3435.0,6726.0,2553.0,325.0,756.0,779.0,7.0,1.0,561.0,4794.0,2803.0,1776.0,5096.0,1841.0,2842.0,846.0,2.0,1135.0,3767.0,1894.0,2294.0,5.0,540.0,5.0,71.0,2654.0,2509.0,1155.0,1183.0,1929.0,1893.0,622.0,2612.0,184.0,7.0,6.0,923.0,2663.0,2038.0,1048.0,18.0,1114.0,1253.0,223.0,5.0,3.0,4.0,412.0,
DHDr2_02_A,199.0,1915.0,2484.0,1423.0,2765.0,1212.0,1879.0,670.0,3016.0,1483.0,1187.0,2442.0,86.0,1677.0,2112.0,2037.0,1309.0,821.0,1275.0,655.0,393.0,943.0,159.0,1478.0,707.0,1765.0,853.0,1443.0,610.0,1097.0,841.0,286.0,1208.0,1821.0,416.0,1790.0,370.0,308.0,342.0,2154.0,1905.0,4729.0,360.0,912.0,778.0,1461.0,537.0,2138.0,3519.0,400.0,2559.0,1389.0,,2987.0,2137.0,644.0,1196.0,1988.0,360.0,115.0,1492.0,3355.0,3115.0,2101.0,145.0,3933.0,372.0,226.0,6.0,912.0,5918.0,2594.0,260.0,1879.0,3478.0,1612.0,1291.0,20.0,6.0,,2.0,340.0,2023.0,1447.0,2025.0,785.0,1307.0,1563.0,985.0,2.0,2014.0,1637.0,269.0,1202.0,14.0,924.0,3.0,3.0,2427.0,2595.0,413.0,350.0,395.0,1318.0,2167.0,1349.0,681.0,325.0,645.0,8.0,242.0,2588.0,52.0,960.0,6.0,4.0,1175.0,4.0,1172.0,2.0,1.0,599.0
DHDr2_02_B,117.0,765.0,3237.0,1418.0,2034.0,323.0,950.0,757.0,864.0,264.0,763.0,3108.0,822.0,2622.0,2475.0,426.0,787.0,11.0,1314.0,3095.0,221.0,270.0,280.0,,1587.0,1935.0,548.0,1393.0,704.0,567.0,1270.0,62.0,271.0,3333.0,1929.0,934.0,773.0,477.0,706.0,554.0,931.0,2444.0,427.0,929.0,1485.0,3299.0,7.0,71.0,1358.0,809.0,725.0,1915.0,216.0,1864.0,154.0,2326.0,25.0,2600.0,55.0,397.0,831.0,2916.0,99.0,247.0,529.0,2027.0,815.0,767.0,2.0,5.0,1412.0,3711.0,1053.0,4165.0,4975.0,949.0,980.0,631.0,624.0,25.0,418.0,417.0,2418.0,342.0,1800.0,2618.0,1175.0,729.0,1183.0,44.0,2705.0,1821.0,2245.0,2086.0,385.0,1791.0,2.0,833.0,1651.0,2901.0,1376.0,1857.0,14.0,2672.0,961.0,972.0,448.0,441.0,5.0,1048.0,838.0,1986.0,1984.0,666.0,2.0,1262.0,620.0,2141.0,2.0,1079.0,97.0,4.0
DHDr2_03_A,1270.0,3126.0,4041.0,3660.0,1213.0,1391.0,761.0,1610.0,1013.0,2207.0,1902.0,2172.0,756.0,3492.0,2068.0,1796.0,606.0,1473.0,1331.0,2177.0,5.0,430.0,627.0,499.0,1404.0,699.0,1902.0,3997.0,2419.0,2904.0,1165.0,167.0,1230.0,798.0,562.0,3915.0,124.0,1625.0,3179.0,703.0,1319.0,1804.0,38.0,977.0,2064.0,1704.0,852.0,532.0,514.0,1290.0,1889.0,472.0,1072.0,913.0,133.0,1235.0,1681.0,2262.0,455.0,692.0,2244.0,4419.0,881.0,2900.0,1934.0,1961.0,1610.0,774.0,918.0,611.0,2579.0,3046.0,1353.0,1766.0,3140.0,1901.0,1264.0,168.0,1223.0,6.0,973.0,1954.0,1790.0,821.0,2008.0,3323.0,1945.0,7007.0,3139.0,1.0,2744.0,1922.0,2411.0,2124.0,6.0,1116.0,2.0,1.0,1870.0,2410.0,991.0,816.0,2980.0,3599.0,1005.0,2444.0,551.0,184.0,2.0,1830.0,267.0,2452.0,219.0,3389.0,8.0,10.0,186.0,768.0,445.0,30.0,479.0,516.0
DHDr2_03_B,273.0,4292.0,1348.0,3646.0,2905.0,1949.0,1662.0,718.0,105.0,227.0,800.0,2910.0,953.0,2578.0,1504.0,1560.0,890.0,2037.0,1138.0,1799.0,189.0,3436.0,148.0,1286.0,1694.0,519.0,1541.0,5574.0,1133.0,4907.0,627.0,468.0,2928.0,2547.0,569.0,2085.0,1858.0,13.0,1923.0,2107.0,513.0,5299.0,204.0,3805.0,3373.0,1732.0,1623.0,1113.0,2876.0,1854.0,4629.0,1939.0,387.0,2870.0,1001.0,827.0,1524.0,1635.0,10.0,223.0,3414.0,2725.0,1193.0,1934.0,2539.0,1912.0,1462.0,304.0,244.0,1429.0,3766.0,3881.0,1108.0,3091.0,4778.0,1196.0,2710.0,667.0,11.0,304.0,2.0,806.0,3064.0,1250.0,2997.0,7689.0,5088.0,2624.0,1862.0,1.0,2596.0,2966.0,1938.0,7938.0,197.0,1294.0,375.0,491.0,3818.0,4881.0,3416.0,1570.0,254.0,2766.0,3710.0,1377.0,947.0,541.0,915.0,302.0,1389.0,2822.0,228.0,2243.0,925.0,2426.0,323.0,1602.0,141.0,23.0,4.0,4.0
DHDr2_04_A,311.0,1331.0,1590.0,1078.0,1120.0,923.0,1685.0,213.0,1495.0,1221.0,2484.0,1319.0,441.0,1610.0,1865.0,703.0,380.0,1406.0,1537.0,1639.0,114.0,1894.0,769.0,1952.0,360.0,1451.0,532.0,2710.0,1334.0,998.0,193.0,365.0,989.0,873.0,1169.0,1552.0,1470.0,484.0,1015.0,2575.0,325.0,2348.0,97.0,610.0,694.0,2492.0,1048.0,881.0,382.0,960.0,3020.0,1163.0,90.0,1131.0,2892.0,1317.0,1493.0,628.0,343.0,681.0,2086.0,2493.0,2721.0,31.0,564.0,1594.0,612.0,86.0,1342.0,207.0,1984.0,901.0,768.0,1075.0,3867.0,1146.0,449.0,5.0,14.0,113.0,3.0,114.0,1874.0,917.0,649.0,3892.0,1057.0,1668.0,959.0,289.0,2076.0,1936.0,1294.0,943.0,870.0,826.0,156.0,242.0,971.0,3789.0,1444.0,584.0,99.0,1227.0,2182.0,1011.0,1166.0,991.0,555.0,265.0,589.0,1652.0,1626.0,1032.0,279.0,224.0,153.0,6.0,178.0,247.0,2.0,3.0
DHDr2_04_B,554.0,3660.0,1146.0,796.0,653.0,2252.0,994.0,33.0,1446.0,1305.0,1864.0,1613.0,158.0,3337.0,1948.0,45.0,1646.0,1541.0,5819.0,215.0,282.0,337.0,633.0,1606.0,912.0,1349.0,2589.0,25.0,1285.0,2470.0,749.0,445.0,2339.0,2639.0,979.0,1368.0,809.0,536.0,1132.0,2192.0,692.0,4882.0,491.0,606.0,1445.0,4787.0,62.0,1801.0,2094.0,1055.0,1592.0,563.0,636.0,2188.0,660.0,2035.0,1129.0,1557.0,305.0,122.0,5226.0,2356.0,4530.0,585.0,902.0,23.0,9.0,767.0,527.0,300.0,5227.0,4001.0,792.0,5560.0,4519.0,1702.0,913.0,218.0,687.0,300.0,3.0,1679.0,3272.0,436.0,2000.0,7774.0,2563.0,3704.0,4679.0,12.0,2858.0,4544.0,1568.0,2502.0,1425.0,458.0,1.0,94.0,2410.0,3106.0,2374.0,3407.0,383.0,3078.0,2368.0,666.0,1951.0,446.0,618.0,7.0,4683.0,2628.0,1922.0,3198.0,823.0,1204.0,1080.0,5.0,353.0,4.0,249.0,516.0
DHDr2_05_A,432.0,2215.0,1142.0,2840.0,283.0,1975.0,458.0,1050.0,1625.0,1320.0,739.0,2076.0,216.0,3477.0,48.0,609.0,1191.0,166.0,1566.0,152.0,364.0,308.0,621.0,263.0,652.0,3209.0,984.0,2621.0,1111.0,2244.0,271.0,146.0,439.0,887.0,246.0,1386.0,1293.0,14.0,1391.0,724.0,708.0,4489.0,249.0,868.0,1690.0,1666.0,520.0,929.0,2202.0,1171.0,2738.0,5.0,,1950.0,983.0,2117.0,17.0,631.0,258.0,372.0,3424.0,1733.0,3146.0,1007.0,67.0,1857.0,695.0,589.0,249.0,324.0,2947.0,1295.0,361.0,2511.0,5322.0,1188.0,103.0,242.0,1037.0,,1.0,1542.0,2375.0,1453.0,2456.0,2693.0,2125.0,3109.0,2716.0,6.0,1134.0,469.0,1365.0,950.0,4.0,682.0,4.0,363.0,2150.0,2120.0,1736.0,66.0,148.0,2203.0,1690.0,14.0,499.0,372.0,3.0,3.0,470.0,1417.0,1816.0,1004.0,984.0,1361.0,1.0,1200.0,422.0,1.0,245.0,3.0
DHDr2_05_B,1901.0,2997.0,1606.0,2664.0,2822.0,2232.0,35.0,684.0,4436.0,71.0,838.0,1838.0,498.0,2992.0,2553.0,1013.0,623.0,616.0,1526.0,2007.0,73.0,703.0,529.0,977.0,1523.0,923.0,2856.0,3163.0,1829.0,1055.0,2413.0,218.0,1535.0,1627.0,889.0,2140.0,722.0,1286.0,1884.0,3565.0,1156.0,5541.0,63.0,543.0,2753.0,2145.0,2115.0,1008.0,1843.0,1296.0,1147.0,2728.0,475.0,1413.0,963.0,3512.0,2542.0,741.0,1368.0,282.0,2343.0,6381.0,2964.0,2062.0,1106.0,1994.0,1111.0,360.0,217.0,529.0,1878.0,1608.0,1468.0,2195.0,4272.0,3246.0,416.0,977.0,1288.0,348.0,1.0,719.0,5001.0,1299.0,310.0,3522.0,1346.0,954.0,6906.0,5.0,3689.0,2641.0,468.0,2181.0,647.0,323.0,419.0,1.0,2249.0,2292.0,741.0,1057.0,2502.0,4667.0,715.0,849.0,1045.0,1104.0,4.0,409.0,1685.0,4534.0,631.0,476.0,968.0,320.0,2.0,235.0,5.0,837.0,5.0,3.0
DHDr2_06_A,753.0,4057.0,2154.0,2037.0,3973.0,2035.0,724.0,2566.0,1361.0,18.0,2539.0,3286.0,1193.0,4578.0,3064.0,2304.0,494.0,576.0,1194.0,518.0,595.0,788.0,315.0,680.0,2652.0,2782.0,3531.0,1294.0,2525.0,4586.0,746.0,544.0,2242.0,1899.0,931.0,2995.0,3298.0,474.0,922.0,1635.0,2255.0,1667.0,80.0,2668.0,2058.0,1201.0,1445.0,601.0,1771.0,2790.0,4366.0,841.0,56.0,1501.0,3554.0,1584.0,13.0,1829.0,1890.0,913.0,3007.0,3694.0,2738.0,770.0,1284.0,1407.0,261.0,1070.0,606.0,4.0,5421.0,6001.0,2547.0,1692.0,7638.0,2645.0,2607.0,648.0,1645.0,3.0,19.0,121.0,3694.0,1346.0,889.0,5082.0,1218.0,2225.0,3523.0,1452.0,2779.0,2334.0,3098.0,4382.0,2889.0,350.0,680.0,226.0,3792.0,5216.0,1042.0,1964.0,1573.0,4661.0,1075.0,1424.0,528.0,697.0,935.0,1489.0,820.0,2560.0,820.0,156.0,1008.0,7.0,786.0,931.0,206.0,455.0,184.0,811.0
DHDr2_06_B,428.0,5084.0,1653.0,2168.0,1885.0,1769.0,317.0,436.0,1762.0,740.0,406.0,1979.0,2.0,3860.0,592.0,1076.0,2308.0,1330.0,2398.0,517.0,849.0,689.0,148.0,580.0,810.0,4024.0,997.0,5053.0,2533.0,1212.0,698.0,1617.0,391.0,3116.0,848.0,684.0,875.0,5.0,1803.0,2370.0,581.0,2198.0,5.0,2109.0,1859.0,602.0,398.0,1978.0,1980.0,1826.0,1305.0,828.0,1.0,1532.0,1567.0,2957.0,1676.0,2945.0,2068.0,157.0,3450.0,1974.0,1920.0,1036.0,2716.0,911.0,917.0,294.0,5.0,744.0,2828.0,2573.0,714.0,2004.0,3049.0,2561.0,1704.0,1065.0,44.0,197.0,247.0,1141.0,3770.0,1521.0,1290.0,3606.0,1236.0,1297.0,2854.0,386.0,2137.0,649.0,1579.0,3412.0,1108.0,809.0,3.0,1.0,3457.0,4786.0,1360.0,2841.0,81.0,1869.0,1733.0,1139.0,369.0,1359.0,1344.0,278.0,1862.0,1207.0,6.0,270.0,7.0,5.0,306.0,351.0,2.0,,919.0,1.0
DHDr2_07_A,301.0,4086.0,3457.0,2269.0,2573.0,1713.0,530.0,260.0,768.0,542.0,1474.0,2277.0,157.0,2033.0,2204.0,1596.0,780.0,515.0,1113.0,626.0,3.0,1785.0,63.0,1536.0,561.0,1182.0,541.0,6270.0,3352.0,6009.0,477.0,382.0,1530.0,296.0,686.0,1685.0,2121.0,1780.0,1450.0,1502.0,526.0,3167.0,571.0,909.0,1246.0,980.0,307.0,1246.0,1831.0,511.0,2307.0,1309.0,2.0,2899.0,998.0,2207.0,485.0,2986.0,1049.0,1367.0,3885.0,4404.0,2117.0,330.0,2948.0,2370.0,795.0,701.0,6.0,3.0,7019.0,3642.0,672.0,2883.0,4235.0,2629.0,792.0,808.0,678.0,7.0,76.0,956.0,2714.0,1390.0,841.0,9425.0,2014.0,1588.0,4044.0,2.0,1373.0,1643.0,2190.0,1883.0,20.0,383.0,1184.0,700.0,3164.0,3295.0,1711.0,1231.0,377.0,3140.0,1115.0,1248.0,1617.0,924.0,432.0,3092.0,468.0,1062.0,1934.0,2240.0,256.0,2204.0,1028.0,6.0,1.0,1.0,1.0,4.0
DHDr2_07_B,267.0,2860.0,1510.0,2904.0,1810.0,2633.0,1336.0,667.0,2039.0,2156.0,815.0,2542.0,140.0,1658.0,2029.0,1333.0,890.0,1411.0,4234.0,167.0,72.0,1085.0,215.0,431.0,1076.0,2957.0,1756.0,4100.0,907.0,1632.0,931.0,372.0,1363.0,121.0,634.0,1938.0,1078.0,1182.0,2025.0,1358.0,1710.0,5856.0,358.0,851.0,1776.0,1115.0,570.0,1260.0,2191.0,818.0,2452.0,582.0,1.0,890.0,1281.0,4624.0,678.0,2248.0,537.0,322.0,396.0,696.0,431.0,903.0,1221.0,462.0,213.0,445.0,9.0,1486.0,4720.0,2241.0,1335.0,3453.0,2035.0,2566.0,1475.0,258.0,4.0,774.0,123.0,1216.0,2130.0,2060.0,3539.0,3268.0,435.0,2643.0,3081.0,1.0,3410.0,1572.0,1399.0,1150.0,2.0,1430.0,4.0,1.0,3120.0,2531.0,680.0,973.0,1838.0,1146.0,1354.0,1318.0,9.0,705.0,292.0,746.0,2275.0,2130.0,956.0,1685.0,13.0,125.0,123.0,514.0,2.0,1.0,1.0,765.0
DHDr2_08_A,1914.0,1810.0,654.0,225.0,1230.0,1698.0,588.0,584.0,546.0,323.0,2090.0,2437.0,3.0,841.0,743.0,366.0,689.0,2340.0,390.0,1093.0,79.0,696.0,114.0,211.0,547.0,2175.0,1659.0,2722.0,681.0,2111.0,891.0,125.0,1165.0,1087.0,6.0,868.0,2422.0,499.0,1519.0,2955.0,1653.0,1448.0,363.0,1181.0,952.0,1440.0,741.0,1169.0,1218.0,1364.0,1242.0,973.0,106.0,1126.0,1963.0,1992.0,11.0,1566.0,293.0,1710.0,1896.0,4622.0,1668.0,532.0,1299.0,442.0,312.0,197.0,6.0,4.0,2156.0,2640.0,593.0,763.0,5969.0,2458.0,361.0,921.0,26.0,698.0,1.0,6.0,434.0,587.0,918.0,2969.0,1525.0,2488.0,2241.0,1.0,2609.0,10.0,1455.0,4486.0,20.0,296.0,95.0,1.0,1605.0,1564.0,6.0,1297.0,251.0,548.0,1085.0,2237.0,591.0,357.0,1.0,4.0,249.0,769.0,574.0,546.0,327.0,272.0,415.0,4.0,4.0,551.0,2.0,818.0
DHDr2_08_B,374.0,2480.0,3204.0,1435.0,1260.0,2312.0,709.0,1167.0,970.0,1123.0,1231.0,785.0,4.0,1988.0,3220.0,569.0,808.0,261.0,2906.0,702.0,293.0,1731.0,574.0,904.0,1171.0,1046.0,3527.0,2420.0,1346.0,1945.0,1867.0,665.0,10.0,399.0,835.0,498.0,467.0,833.0,462.0,2522.0,527.0,3157.0,1439.0,574.0,841.0,2118.0,1020.0,468.0,2749.0,359.0,833.0,2409.0,1447.0,1965.0,3014.0,1110.0,489.0,2205.0,450.0,966.0,2360.0,1993.0,2370.0,1003.0,742.0,865.0,2214.0,851.0,331.0,788.0,1935.0,1057.0,10.0,2683.0,4093.0,1084.0,528.0,826.0,902.0,59.0,163.0,378.0,2319.0,757.0,2420.0,5302.0,844.0,2311.0,1107.0,1.0,197.0,2923.0,1161.0,2968.0,1.0,2330.0,46.0,1.0,850.0,1255.0,523.0,351.0,59.0,1421.0,2012.0,3551.0,7.0,564.0,2.0,201.0,447.0,1768.0,1570.0,12.0,1798.0,1055.0,1.0,389.0,2.0,2.0,966.0,503.0
DHDr2_09_A,1595.0,3723.0,3071.0,4096.0,4767.0,2333.0,1626.0,2449.0,4205.0,395.0,1207.0,3493.0,507.0,3295.0,3625.0,3658.0,2494.0,2599.0,1149.0,1314.0,201.0,1609.0,1073.0,1744.0,1219.0,2502.0,779.0,3574.0,3465.0,2010.0,1469.0,244.0,1081.0,1521.0,1855.0,2672.0,1537.0,754.0,795.0,1285.0,1426.0,2168.0,1777.0,1011.0,2202.0,1392.0,846.0,1809.0,2328.0,3437.0,1159.0,696.0,5.0,269.0,1823.0,289.0,1511.0,2897.0,1431.0,872.0,1787.0,5087.0,2042.0,3323.0,1375.0,1630.0,544.0,570.0,7.0,233.0,3517.0,6817.0,359.0,1301.0,8504.0,3209.0,1544.0,713.0,433.0,535.0,1.0,415.0,4399.0,1561.0,3803.0,6478.0,1429.0,3271.0,3307.0,3.0,3502.0,1564.0,1564.0,5978.0,225.0,3.0,477.0,351.0,3810.0,3751.0,1661.0,1222.0,1665.0,3020.0,2142.0,3253.0,2024.0,1370.0,830.0,317.0,1314.0,1781.0,1567.0,4340.0,327.0,1403.0,1203.0,6.0,2.0,7.0,1.0,2.0
DHDr2_09_B,166.0,3700.0,2267.0,1051.0,2199.0,1605.0,106.0,272.0,1933.0,604.0,2972.0,1848.0,755.0,1518.0,4217.0,1599.0,430.0,1706.0,1414.0,929.0,450.0,753.0,463.0,1388.0,1839.0,2250.0,1342.0,3095.0,3315.0,1413.0,859.0,138.0,1343.0,3699.0,254.0,1535.0,1338.0,15.0,1927.0,655.0,812.0,7495.0,60.0,806.0,775.0,2595.0,1219.0,626.0,2431.0,2111.0,2461.0,196.0,3.0,2454.0,213.0,1355.0,1229.0,944.0,472.0,746.0,4226.0,2410.0,598.0,2081.0,255.0,1248.0,451.0,6.0,10.0,2.0,3567.0,2204.0,1311.0,2876.0,4802.0,3016.0,879.0,640.0,5025.0,3.0,1.0,1596.0,2364.0,1463.0,1647.0,3794.0,326.0,1943.0,19.0,4.0,2733.0,326.0,713.0,1743.0,6.0,359.0,257.0,353.0,2422.0,4370.0,1226.0,440.0,635.0,2108.0,996.0,249.0,2972.0,369.0,1.0,4.0,2217.0,841.0,698.0,1024.0,,582.0,6.0,7.0,5.0,1.0,1.0,2.0
DHDr2_10_A,443.0,1993.0,2458.0,614.0,1809.0,2286.0,265.0,721.0,1479.0,482.0,1906.0,387.0,387.0,1366.0,3415.0,1228.0,142.0,668.0,1592.0,885.0,566.0,1580.0,610.0,91.0,829.0,3647.0,1546.0,438.0,3148.0,1761.0,658.0,573.0,1110.0,2193.0,416.0,405.0,1000.0,1309.0,14.0,260.0,3494.0,3967.0,108.0,1306.0,1484.0,2071.0,635.0,2636.0,2979.0,2013.0,1309.0,3712.0,998.0,2680.0,1226.0,1367.0,938.0,2149.0,1259.0,1104.0,2552.0,5007.0,1159.0,1790.0,564.0,1999.0,7.0,152.0,1507.0,1374.0,3361.0,1802.0,1744.0,1906.0,5322.0,678.0,632.0,718.0,456.0,175.0,375.0,210.0,5678.0,461.0,1209.0,7283.0,3401.0,2925.0,3047.0,1.0,1414.0,166.0,1875.0,1527.0,1026.0,174.0,4.0,194.0,1337.0,1813.0,3016.0,1208.0,116.0,3593.0,2082.0,1837.0,2553.0,710.0,4.0,690.0,1844.0,1095.0,1143.0,925.0,610.0,575.0,11.0,6.0,3.0,373.0,379.0,448.0
DHDr2_10_B,923.0,883.0,2306.0,895.0,1631.0,3273.0,385.0,1017.0,1318.0,594.0,620.0,1821.0,1100.0,2493.0,1338.0,7.0,460.0,1650.0,621.0,581.0,145.0,782.0,716.0,2123.0,552.0,1320.0,652.0,2818.0,2176.0,2644.0,1085.0,70.0,500.0,73.0,1883.0,1403.0,1520.0,351.0,1201.0,697.0,591.0,1987.0,51.0,8.0,1179.0,415.0,510.0,1258.0,1516.0,295.0,1257.0,861.0,36.0,1300.0,1135.0,1003.0,1053.0,1020.0,1091.0,529.0,1667.0,4928.0,2637.0,503.0,1573.0,2650.0,206.0,954.0,758.0,209.0,3570.0,3570.0,4.0,1599.0,2730.0,757.0,878.0,1708.0,1913.0,1.0,277.0,241.0,632.0,1502.0,1979.0,2680.0,2870.0,1429.0,3394.0,4.0,21.0,2780.0,3458.0,1735.0,9.0,229.0,1.0,1.0,1393.0,1952.0,726.0,1441.0,16.0,4977.0,1416.0,1121.0,6.0,1027.0,4.0,1478.0,536.0,1648.0,887.0,2.0,17.0,656.0,600.0,987.0,291.0,4.0,,2.0
DHDr2_11_A,661.0,2402.0,1745.0,2251.0,7198.0,2633.0,893.0,456.0,382.0,973.0,87.0,2893.0,381.0,3555.0,1138.0,969.0,624.0,148.0,2785.0,820.0,38.0,886.0,417.0,576.0,456.0,1047.0,1003.0,4547.0,553.0,2838.0,3.0,709.0,201.0,15.0,1163.0,1525.0,1295.0,5.0,565.0,1446.0,258.0,3232.0,1.0,1154.0,233.0,2589.0,282.0,426.0,1830.0,789.0,1159.0,3571.0,69.0,2360.0,356.0,1164.0,643.0,1385.0,423.0,595.0,3658.0,2361.0,1837.0,4.0,200.0,1982.0,782.0,682.0,819.0,417.0,1599.0,288.0,513.0,937.0,5432.0,1785.0,1312.0,786.0,365.0,258.0,1.0,837.0,2229.0,2199.0,326.0,947.0,492.0,2170.0,1063.0,118.0,1083.0,941.0,2485.0,2972.0,326.0,1298.0,503.0,525.0,459.0,1698.0,1967.0,1126.0,1830.0,1059.0,1129.0,1635.0,695.0,719.0,743.0,433.0,2199.0,1359.0,32.0,466.0,194.0,1553.0,4.0,651.0,1663.0,31.0,,174.0
DHDr2_11_B,3851.0,9978.0,7535.0,6996.0,4016.0,6461.0,1244.0,7886.0,6711.0,4423.0,2874.0,5956.0,1935.0,5541.0,5719.0,3989.0,1486.0,5813.0,10729.0,1591.0,1128.0,4026.0,2955.0,1414.0,4517.0,7264.0,7797.0,9335.0,5436.0,10988.0,5386.0,900.0,5713.0,6814.0,1751.0,3655.0,2846.0,2774.0,3802.0,3928.0,4198.0,5275.0,1548.0,4856.0,7061.0,13045.0,4255.0,4998.0,10509.0,4469.0,7809.0,8285.0,239.0,8030.0,2880.0,10154.0,7072.0,6636.0,4215.0,2180.0,10496.0,12418.0,7199.0,3218.0,6770.0,8360.0,925.0,1417.0,6547.0,910.0,14851.0,12862.0,2257.0,4951.0,14591.0,9876.0,4170.0,2025.0,3700.0,2352.0,931.0,1504.0,13950.0,6966.0,2475.0,11870.0,3192.0,6943.0,3467.0,490.0,3513.0,14329.0,4908.0,11846.0,2633.0,1734.0,592.0,10.0,16190.0,6370.0,6084.0,3051.0,1753.0,6759.0,3457.0,4199.0,3504.0,3175.0,7.0,3345.0,8685.0,5320.0,2848.0,4409.0,19.0,295.0,5006.0,3465.0,1426.0,553.0,965.0,3311.0
DHDr2_12_A,227.0,2182.0,1626.0,2010.0,1285.0,413.0,17.0,497.0,2508.0,9.0,343.0,1604.0,191.0,1310.0,1080.0,411.0,3.0,7.0,688.0,94.0,1.0,385.0,7.0,1136.0,454.0,347.0,603.0,3018.0,596.0,918.0,635.0,127.0,1449.0,1401.0,834.0,4222.0,735.0,211.0,322.0,884.0,310.0,3729.0,256.0,416.0,599.0,1810.0,3.0,1108.0,2275.0,817.0,1463.0,1537.0,618.0,805.0,622.0,724.0,283.0,528.0,580.0,230.0,539.0,3379.0,827.0,940.0,722.0,1400.0,1160.0,929.0,4.0,191.0,4699.0,2453.0,938.0,948.0,1279.0,402.0,189.0,5.0,4.0,4.0,257.0,949.0,1690.0,622.0,583.0,2185.0,198.0,778.0,411.0,3.0,1082.0,1493.0,1225.0,465.0,399.0,510.0,3.0,,1664.0,814.0,809.0,1114.0,223.0,1134.0,1911.0,1104.0,2618.0,3.0,218.0,292.0,1625.0,1292.0,5.0,2584.0,1239.0,539.0,235.0,249.0,2.0,,103.0,4.0
DHDr2_12_B,1074.0,2227.0,1651.0,1851.0,839.0,629.0,878.0,819.0,1084.0,6.0,1889.0,2578.0,768.0,1641.0,2669.0,200.0,5.0,1808.0,1513.0,456.0,9.0,6.0,140.0,1571.0,4.0,924.0,800.0,2731.0,307.0,1407.0,2021.0,800.0,1721.0,1784.0,6.0,266.0,1414.0,157.0,215.0,1168.0,1022.0,1207.0,104.0,221.0,907.0,596.0,1691.0,767.0,1813.0,959.0,1433.0,231.0,458.0,681.0,7.0,3371.0,327.0,2261.0,712.0,149.0,2054.0,5485.0,1626.0,788.0,499.0,208.0,164.0,407.0,465.0,500.0,2614.0,2388.0,2049.0,1477.0,2008.0,106.0,693.0,2.0,100.0,599.0,239.0,4.0,1727.0,87.0,1786.0,2582.0,355.0,2254.0,902.0,,1524.0,1495.0,214.0,1510.0,288.0,539.0,65.0,1.0,1722.0,1869.0,1859.0,172.0,357.0,2471.0,2663.0,2028.0,3040.0,1034.0,226.0,162.0,435.0,1798.0,877.0,1.0,249.0,5.0,873.0,730.0,129.0,943.0,498.0,2.0
DHDr2_13_A,505.0,3750.0,5773.0,893.0,1786.0,819.0,1435.0,508.0,991.0,486.0,2511.0,2542.0,358.0,1432.0,2748.0,1218.0,1683.0,2121.0,172.0,1318.0,73.0,1398.0,136.0,367.0,298.0,2790.0,1323.0,2451.0,1340.0,265.0,675.0,308.0,2230.0,717.0,1055.0,1508.0,777.0,4.0,777.0,58.0,1069.0,1113.0,216.0,1113.0,370.0,3746.0,57.0,1648.0,1274.0,1040.0,1131.0,2418.0,1.0,1231.0,378.0,1436.0,2612.0,3217.0,246.0,417.0,2609.0,4485.0,1532.0,413.0,1008.0,922.0,448.0,258.0,1200.0,1563.0,2582.0,2511.0,1133.0,1611.0,2647.0,2133.0,34.0,1876.0,536.0,,4.0,5.0,2109.0,1519.0,1826.0,4257.0,1548.0,1040.0,5455.0,1.0,339.0,2545.0,1382.0,4458.0,3.0,1133.0,1.0,1.0,1335.0,1050.0,12.0,720.0,527.0,3517.0,2478.0,1081.0,1476.0,357.0,1.0,4.0,571.0,957.0,1555.0,944.0,1337.0,588.0,552.0,960.0,2.0,605.0,3.0,
DHDr2_13_B,717.0,1710.0,2814.0,1312.0,3727.0,2203.0,1091.0,834.0,1289.0,1428.0,1753.0,1090.0,537.0,2510.0,3675.0,358.0,677.0,1114.0,735.0,476.0,824.0,1375.0,244.0,479.0,1643.0,2362.0,2235.0,1230.0,1063.0,2044.0,643.0,191.0,881.0,1671.0,473.0,1241.0,278.0,449.0,848.0,1832.0,1360.0,1700.0,601.0,10.0,1278.0,745.0,1627.0,511.0,746.0,1110.0,1274.0,2050.0,43.0,2215.0,2028.0,576.0,618.0,1251.0,1363.0,378.0,2312.0,2864.0,2029.0,1360.0,442.0,1952.0,226.0,170.0,1553.0,903.0,3872.0,2775.0,1374.0,856.0,2707.0,279.0,1338.0,767.0,4.0,200.0,201.0,258.0,1689.0,800.0,772.0,3429.0,490.0,1768.0,2334.0,325.0,1562.0,349.0,943.0,868.0,,115.0,180.0,1.0,2574.0,3000.0,2576.0,479.0,212.0,781.0,1907.0,1110.0,9.0,627.0,2.0,538.0,68.0,1012.0,784.0,10.0,236.0,844.0,2192.0,4.0,400.0,3.0,,1.0
DHDr2_14_A,753.0,805.0,3277.0,3766.0,2603.0,2184.0,662.0,1444.0,489.0,881.0,943.0,3698.0,184.0,5849.0,1746.0,1585.0,1099.0,705.0,1882.0,1683.0,1.0,2577.0,949.0,460.0,885.0,2803.0,2511.0,2487.0,1294.0,884.0,298.0,6.0,315.0,576.0,910.0,2298.0,31.0,75.0,719.0,1571.0,884.0,1390.0,178.0,1249.0,1021.0,2266.0,1030.0,714.0,3413.0,1051.0,1701.0,3561.0,4.0,725.0,11.0,1908.0,1714.0,680.0,453.0,370.0,1704.0,2449.0,670.0,627.0,366.0,1218.0,437.0,415.0,4.0,220.0,6653.0,987.0,241.0,995.0,3952.0,975.0,2122.0,2195.0,1699.0,3.0,141.0,250.0,5234.0,585.0,1517.0,233.0,2658.0,712.0,4576.0,2.0,1651.0,4504.0,1877.0,5748.0,343.0,393.0,2.0,4.0,588.0,1586.0,1518.0,1294.0,150.0,5228.0,2222.0,1361.0,353.0,306.0,963.0,1017.0,9.0,3456.0,637.0,3828.0,347.0,566.0,507.0,8.0,308.0,647.0,4.0,502.0
DHDr2_14_B,152.0,1889.0,6313.0,979.0,2357.0,716.0,399.0,2253.0,812.0,1278.0,966.0,5912.0,186.0,1924.0,899.0,454.0,402.0,1064.0,508.0,994.0,12.0,1588.0,25.0,494.0,1271.0,3923.0,666.0,2922.0,934.0,1280.0,699.0,30.0,734.0,1528.0,354.0,2724.0,1177.0,301.0,928.0,2257.0,1737.0,1611.0,351.0,83.0,1558.0,3376.0,1006.0,8.0,702.0,1081.0,2048.0,251.0,15.0,946.0,2732.0,3389.0,744.0,696.0,797.0,377.0,5297.0,3504.0,1831.0,2385.0,935.0,548.0,680.0,789.0,4.0,228.0,3156.0,3716.0,1911.0,1999.0,3058.0,345.0,335.0,1393.0,5.0,209.0,,320.0,1419.0,730.0,530.0,3208.0,2068.0,1851.0,765.0,2.0,2701.0,1558.0,2308.0,1107.0,831.0,567.0,308.0,249.0,1886.0,836.0,584.0,165.0,717.0,3363.0,835.0,2207.0,631.0,1137.0,422.0,33.0,795.0,2845.0,1452.0,1024.0,788.0,2.0,2.0,263.0,4.0,2.0,1.0,1.0
DHDr2_15_A,7.0,2265.0,3629.0,4544.0,2565.0,468.0,658.0,2207.0,1848.0,9.0,1230.0,2207.0,1.0,1370.0,4121.0,2503.0,1883.0,733.0,2255.0,1979.0,154.0,1699.0,286.0,1047.0,1005.0,2354.0,2701.0,1943.0,1444.0,1824.0,573.0,10.0,303.0,4466.0,957.0,967.0,958.0,152.0,902.0,2052.0,1793.0,4155.0,768.0,340.0,518.0,2537.0,609.0,744.0,192.0,1739.0,1605.0,633.0,1.0,3053.0,1920.0,3091.0,821.0,2605.0,1660.0,2148.0,1309.0,4717.0,2979.0,280.0,591.0,1546.0,1184.0,1199.0,1849.0,522.0,3415.0,2532.0,1494.0,361.0,5381.0,1387.0,3121.0,1956.0,7.0,192.0,234.0,6.0,1772.0,591.0,1403.0,2779.0,1784.0,602.0,2822.0,5.0,620.0,3248.0,1764.0,1253.0,8.0,1561.0,3.0,305.0,3770.0,2693.0,864.0,3403.0,44.0,3363.0,341.0,1640.0,1367.0,851.0,484.0,444.0,1347.0,915.0,136.0,473.0,5.0,2499.0,3.0,1385.0,3.0,2.0,1.0,791.0
DHDr2_15_B,366.0,2803.0,7967.0,5205.0,1392.0,1854.0,655.0,2012.0,3815.0,550.0,2024.0,4165.0,370.0,5743.0,3084.0,1121.0,711.0,2185.0,1630.0,1525.0,666.0,218.0,951.0,499.0,720.0,2095.0,5201.0,3332.0,3362.0,3474.0,1572.0,2090.0,1752.0,3123.0,1337.0,2656.0,1652.0,468.0,1905.0,732.0,1115.0,1964.0,1908.0,990.0,6829.0,2057.0,453.0,1701.0,3554.0,1.0,1670.0,2159.0,,3771.0,2025.0,3802.0,3073.0,2316.0,1855.0,1267.0,3285.0,5252.0,4316.0,1475.0,1745.0,3774.0,86.0,2333.0,1193.0,787.0,6498.0,4034.0,1079.0,3855.0,7418.0,3659.0,220.0,390.0,821.0,1280.0,494.0,2021.0,1362.0,1941.0,1186.0,4993.0,1371.0,2836.0,2666.0,4.0,3579.0,1526.0,815.0,6309.0,1727.0,2139.0,1013.0,185.0,3022.0,2972.0,2377.0,61.0,131.0,4058.0,4945.0,1798.0,919.0,1460.0,1469.0,1348.0,24.0,2130.0,896.0,420.0,416.0,253.0,15.0,987.0,11.0,3.0,1.0,5.0
DHDr2_16_A,671.0,1817.0,1873.0,1080.0,2629.0,290.0,239.0,1027.0,387.0,915.0,5.0,491.0,343.0,2569.0,1378.0,549.0,282.0,484.0,1316.0,217.0,598.0,666.0,138.0,851.0,2002.0,1653.0,1124.0,2294.0,527.0,978.0,243.0,674.0,825.0,450.0,1025.0,229.0,1514.0,655.0,635.0,889.0,587.0,1978.0,25.0,433.0,35.0,918.0,567.0,1013.0,678.0,430.0,,760.0,2.0,1060.0,752.0,809.0,1103.0,1582.0,552.0,648.0,809.0,2829.0,772.0,148.0,1954.0,1893.0,471.0,790.0,453.0,3.0,2320.0,374.0,656.0,690.0,1401.0,279.0,536.0,560.0,54.0,3.0,,594.0,2193.0,504.0,153.0,3707.0,215.0,243.0,636.0,,1513.0,1173.0,15.0,1251.0,1.0,5.0,334.0,2.0,925.0,711.0,683.0,852.0,2.0,1728.0,1311.0,965.0,1088.0,1.0,239.0,245.0,245.0,1751.0,582.0,325.0,306.0,291.0,594.0,139.0,2.0,23.0,409.0,405.0
DHDr2_16_B,1035.0,2505.0,1085.0,3323.0,1139.0,1258.0,1466.0,1100.0,1514.0,718.0,1599.0,4483.0,245.0,1764.0,426.0,560.0,602.0,412.0,1157.0,987.0,240.0,1084.0,1886.0,579.0,1082.0,903.0,2072.0,3442.0,1704.0,3066.0,1910.0,345.0,1870.0,2903.0,345.0,4542.0,721.0,1952.0,1207.0,774.0,361.0,3482.0,198.0,1293.0,2472.0,2741.0,1156.0,1521.0,461.0,1458.0,3102.0,238.0,75.0,53.0,4410.0,3643.0,621.0,1449.0,989.0,966.0,3541.0,4108.0,4322.0,1166.0,549.0,2006.0,1153.0,631.0,203.0,1217.0,4583.0,1896.0,1495.0,4586.0,4139.0,2683.0,1436.0,2329.0,6.0,1505.0,,89.0,2126.0,577.0,1805.0,6016.0,858.0,2534.0,5345.0,1.0,3640.0,831.0,347.0,1072.0,3.0,466.0,2.0,922.0,4275.0,2683.0,832.0,50.0,563.0,2579.0,1598.0,2458.0,571.0,1229.0,1169.0,664.0,2078.0,809.0,368.0,357.0,1650.0,5.0,12.0,510.0,6.0,306.0,,1.0
DHDr2_17_A,246.0,5082.0,2665.0,2524.0,1398.0,2400.0,1363.0,2083.0,280.0,153.0,1040.0,1302.0,226.0,3485.0,2697.0,1555.0,911.0,1521.0,755.0,1793.0,13.0,956.0,416.0,742.0,245.0,1295.0,2831.0,2472.0,1382.0,3537.0,1702.0,274.0,10.0,4004.0,1380.0,227.0,1703.0,4.0,432.0,3611.0,253.0,4140.0,117.0,1507.0,285.0,860.0,156.0,2092.0,1857.0,1208.0,1901.0,1830.0,3.0,1121.0,1128.0,3555.0,231.0,1928.0,222.0,462.0,4162.0,3916.0,4996.0,1974.0,1999.0,2535.0,3.0,15.0,567.0,6.0,1025.0,6237.0,1093.0,881.0,5703.0,649.0,631.0,5.0,110.0,3.0,1.0,1861.0,4984.0,1404.0,2693.0,2217.0,1760.0,1721.0,2466.0,186.0,4170.0,1284.0,3738.0,1018.0,5.0,694.0,227.0,4.0,937.0,1441.0,1644.0,2610.0,232.0,4004.0,1967.0,1005.0,404.0,10.0,3.0,460.0,661.0,1875.0,1746.0,2112.0,416.0,1568.0,533.0,127.0,1390.0,,189.0,566.0
DHDr2_17_B,351.0,3405.0,2600.0,435.0,1221.0,728.0,1904.0,2185.0,1398.0,900.0,1636.0,3953.0,111.0,2013.0,3551.0,822.0,1369.0,1132.0,1734.0,694.0,157.0,511.0,373.0,596.0,516.0,2503.0,489.0,3378.0,2195.0,1101.0,1236.0,433.0,2623.0,645.0,9.0,2180.0,1420.0,50.0,608.0,1468.0,795.0,2981.0,284.0,707.0,2253.0,3332.0,802.0,2193.0,2563.0,1520.0,814.0,865.0,57.0,3110.0,911.0,755.0,382.0,2838.0,321.0,616.0,3510.0,3008.0,753.0,346.0,640.0,2613.0,328.0,134.0,3.0,5.0,3513.0,3736.0,651.0,2190.0,4152.0,1084.0,615.0,97.0,2.0,131.0,1.0,1100.0,3625.0,1050.0,973.0,557.0,1935.0,2215.0,1718.0,1.0,1580.0,559.0,2198.0,2559.0,699.0,1284.0,3.0,2.0,3254.0,4065.0,907.0,778.0,275.0,742.0,1634.0,1574.0,15.0,712.0,3.0,1208.0,1549.0,389.0,947.0,284.0,170.0,833.0,447.0,130.0,253.0,453.0,,1572.0
DHDr2_18_A,688.0,3784.0,5048.0,2140.0,1901.0,971.0,503.0,1847.0,342.0,1046.0,1788.0,4488.0,605.0,1811.0,3921.0,167.0,16.0,521.0,611.0,592.0,279.0,616.0,98.0,518.0,674.0,4884.0,4079.0,2965.0,660.0,3104.0,2494.0,117.0,652.0,1490.0,1950.0,1801.0,1355.0,429.0,1629.0,1972.0,512.0,2378.0,158.0,3645.0,828.0,1688.0,551.0,964.0,1563.0,2887.0,1177.0,1380.0,577.0,2488.0,954.0,3035.0,1783.0,2798.0,764.0,3566.0,1173.0,5232.0,1396.0,2867.0,1048.0,898.0,351.0,20.0,859.0,83.0,5893.0,2629.0,686.0,990.0,4515.0,4324.0,318.0,1111.0,25.0,6.0,328.0,710.0,3734.0,362.0,1519.0,5235.0,1497.0,1696.0,2598.0,5.0,799.0,2014.0,2161.0,4966.0,923.0,249.0,468.0,6.0,3835.0,1531.0,1224.0,270.0,380.0,1316.0,2790.0,1523.0,2555.0,634.0,650.0,274.0,662.0,2107.0,502.0,185.0,777.0,686.0,3.0,4.0,550.0,779.0,2.0,2.0
DHDr2_18_B,306.0,1905.0,3791.0,1036.0,287.0,10.0,729.0,1260.0,9.0,934.0,716.0,2931.0,1.0,3196.0,945.0,85.0,559.0,1093.0,1013.0,547.0,29.0,464.0,519.0,982.0,446.0,619.0,1148.0,405.0,622.0,1849.0,1250.0,336.0,501.0,1431.0,827.0,1043.0,659.0,92.0,7.0,122.0,342.0,412.0,163.0,666.0,1665.0,982.0,584.0,389.0,1134.0,163.0,512.0,484.0,,1202.0,115.0,73.0,1735.0,782.0,1323.0,1711.0,5007.0,1629.0,711.0,766.0,1492.0,585.0,198.0,475.0,1.0,326.0,1178.0,1598.0,689.0,1073.0,981.0,1011.0,2.0,,205.0,1.0,,4.0,2082.0,481.0,2498.0,1067.0,387.0,414.0,3369.0,582.0,1623.0,1140.0,902.0,4221.0,278.0,2074.0,1.0,1.0,1671.0,2826.0,485.0,889.0,244.0,141.0,1842.0,739.0,7.0,738.0,5.0,571.0,468.0,1475.0,597.0,190.0,350.0,1306.0,1.0,485.0,1.0,,1.0,
DHDr2_19_A,16.0,700.0,3716.0,2045.0,945.0,1034.0,438.0,3.0,714.0,547.0,804.0,2572.0,625.0,308.0,987.0,1201.0,900.0,713.0,948.0,205.0,22.0,569.0,738.0,140.0,431.0,588.0,1764.0,198.0,1093.0,1873.0,4.0,721.0,335.0,1319.0,465.0,250.0,1730.0,673.0,1150.0,595.0,206.0,864.0,48.0,688.0,6.0,1241.0,599.0,1577.0,207.0,1187.0,717.0,2027.0,64.0,2305.0,1109.0,1436.0,8.0,903.0,378.0,597.0,2832.0,5760.0,770.0,87.0,1739.0,782.0,474.0,804.0,78.0,286.0,3235.0,971.0,356.0,1176.0,3042.0,1404.0,398.0,229.0,754.0,3.0,,417.0,2883.0,996.0,1055.0,1460.0,496.0,1433.0,624.0,2.0,1068.0,1851.0,293.0,239.0,175.0,1391.0,1.0,3.0,835.0,2285.0,2224.0,588.0,3.0,3619.0,906.0,2165.0,8.0,4.0,1.0,591.0,588.0,1760.0,83.0,2147.0,544.0,1.0,2.0,5.0,258.0,403.0,3.0,835.0
DHDr2_19_B,928.0,4411.0,4884.0,1492.0,4378.0,1829.0,620.0,1480.0,2898.0,1473.0,1454.0,2675.0,862.0,3914.0,2991.0,893.0,1916.0,1247.0,3505.0,1640.0,298.0,1121.0,611.0,603.0,649.0,3829.0,1786.0,1158.0,3914.0,1486.0,1488.0,1239.0,2052.0,1285.0,787.0,660.0,427.0,1435.0,2134.0,554.0,968.0,2160.0,184.0,855.0,1379.0,660.0,8.0,1675.0,2252.0,609.0,1286.0,4150.0,2.0,1339.0,2433.0,2260.0,620.0,2125.0,836.0,1766.0,3072.0,3832.0,2421.0,3700.0,1896.0,754.0,698.0,793.0,1198.0,5.0,5590.0,5037.0,1711.0,1362.0,8397.0,2126.0,1444.0,1053.0,2989.0,418.0,1167.0,988.0,3057.0,684.0,1903.0,5842.0,1249.0,2405.0,3264.0,1.0,4883.0,5432.0,7178.0,1669.0,837.0,272.0,5.0,4.0,5462.0,5236.0,1590.0,1302.0,691.0,2958.0,1321.0,1484.0,669.0,2036.0,174.0,683.0,1351.0,1747.0,137.0,602.0,427.0,376.0,2186.0,9.0,1454.0,137.0,41.0,1021.0
DHDr2_20_A,2.0,1450.0,595.0,1576.0,1689.0,714.0,156.0,1207.0,397.0,601.0,1454.0,1644.0,440.0,2236.0,1761.0,147.0,205.0,299.0,2553.0,457.0,729.0,251.0,157.0,617.0,806.0,1680.0,2046.0,2427.0,1377.0,1155.0,1206.0,453.0,1291.0,1740.0,290.0,1209.0,1578.0,453.0,520.0,2962.0,382.0,1951.0,538.0,813.0,213.0,2058.0,145.0,1095.0,712.0,1899.0,1878.0,199.0,3.0,902.0,77.0,10.0,12.0,2538.0,5.0,667.0,2491.0,3274.0,1396.0,410.0,499.0,722.0,1251.0,628.0,4.0,129.0,1363.0,507.0,514.0,1406.0,2740.0,882.0,671.0,320.0,220.0,357.0,762.0,589.0,2206.0,202.0,2273.0,3899.0,887.0,1668.0,3453.0,2.0,1255.0,847.0,835.0,3569.0,1301.0,5.0,119.0,3.0,1332.0,724.0,990.0,985.0,132.0,2664.0,200.0,558.0,451.0,172.0,1.0,65.0,699.0,984.0,387.0,195.0,1.0,2.0,227.0,3.0,583.0,2.0,,77.0
DHDr2_20_B,2923.0,8472.0,10954.0,7380.0,7767.0,4394.0,2306.0,2450.0,3821.0,2314.0,2992.0,6896.0,2480.0,7393.0,4232.0,3414.0,3543.0,3525.0,4318.0,3576.0,589.0,3492.0,1131.0,2980.0,2228.0,9178.0,4521.0,10243.0,3335.0,4864.0,3294.0,1276.0,2418.0,5430.0,2068.0,4337.0,3082.0,1808.0,3337.0,2223.0,2270.0,11650.0,782.0,1777.0,2237.0,7254.0,2149.0,4737.0,5403.0,1659.0,2996.0,3794.0,370.0,3144.0,2758.0,10066.0,4839.0,3243.0,2489.0,148.0,11305.0,10542.0,3309.0,1896.0,2133.0,5423.0,888.0,921.0,2774.0,2885.0,12544.0,6931.0,4152.0,2999.0,17903.0,4972.0,4685.0,1168.0,1940.0,603.0,819.0,1575.0,10301.0,2977.0,4315.0,8788.0,2721.0,4621.0,5160.0,1570.0,3638.0,3376.0,5652.0,11433.0,380.0,2579.0,484.0,619.0,6732.0,5858.0,2837.0,4952.0,1451.0,9971.0,1349.0,4158.0,3611.0,2901.0,360.0,832.0,3239.0,2704.0,656.0,6853.0,2131.0,489.0,666.0,2164.0,947.0,1841.0,1870.0,279.0
ZCON_150_LL_A,456.0,6710.0,11755.0,5987.0,4692.0,2490.0,2666.0,7205.0,4627.0,4405.0,2000.0,4082.0,1239.0,7711.0,9489.0,3157.0,5446.0,4397.0,8346.0,7032.0,1129.0,2901.0,1070.0,24.0,3030.0,4725.0,8256.0,10706.0,4118.0,7926.0,1386.0,1999.0,3764.0,9538.0,2423.0,4999.0,2869.0,1932.0,5594.0,6367.0,2469.0,6924.0,871.0,7418.0,2911.0,4664.0,3101.0,4587.0,4217.0,1915.0,4593.0,1957.0,622.0,3860.0,3886.0,6462.0,3342.0,4963.0,2547.0,3859.0,6945.0,14103.0,8293.0,3917.0,2117.0,3985.0,2144.0,3336.0,1200.0,1113.0,12572.0,7342.0,3239.0,9291.0,17169.0,5247.0,2668.0,2442.0,2688.0,1979.0,227.0,1780.0,8553.0,2714.0,4309.0,13886.0,4304.0,7606.0,10297.0,7.0,3675.0,7220.0,5585.0,11361.0,1466.0,2590.0,15.0,3798.0,4729.0,3968.0,2387.0,3735.0,1666.0,14891.0,6969.0,5795.0,3869.0,925.0,175.0,423.0,4606.0,6333.0,1837.0,6408.0,3024.0,671.0,522.0,928.0,14.0,470.0,199.0,4.0
ZCON_150_LL_B,1857.0,9985.0,6505.0,6760.0,3975.0,3338.0,2855.0,1306.0,3028.0,2694.0,3008.0,4827.0,597.0,6160.0,4634.0,2071.0,3616.0,5167.0,6778.0,1867.0,419.0,2285.0,1444.0,1504.0,2823.0,7129.0,3349.0,7823.0,6274.0,3541.0,2556.0,1701.0,3449.0,4179.0,2034.0,3123.0,2397.0,1686.0,2190.0,5042.0,5190.0,5662.0,511.0,1941.0,2813.0,3820.0,1941.0,2694.0,3111.0,4594.0,3746.0,5432.0,48.0,2733.0,2502.0,7003.0,1871.0,3511.0,1714.0,1544.0,4588.0,3166.0,3315.0,1655.0,2642.0,6733.0,975.0,2348.0,1829.0,989.0,7540.0,12684.0,3649.0,4261.0,14620.0,3833.0,2424.0,1925.0,713.0,1618.0,508.0,2271.0,7077.0,3818.0,3740.0,10098.0,1952.0,5190.0,5622.0,749.0,8333.0,2827.0,2299.0,4936.0,289.0,839.0,5.0,73.0,6049.0,3464.0,5158.0,3146.0,1139.0,7724.0,4775.0,5668.0,3203.0,3058.0,773.0,1135.0,4428.0,6092.0,2919.0,2220.0,3320.0,566.0,641.0,1812.0,328.0,260.0,536.0,1057.0
ZCON_150_resurf_A,696.0,5383.0,6526.0,4779.0,5764.0,1321.0,1249.0,579.0,2363.0,1769.0,2113.0,2219.0,413.0,1693.0,2731.0,2030.0,1745.0,1340.0,2770.0,773.0,271.0,2228.0,1761.0,16.0,1468.0,4686.0,4126.0,514.0,1718.0,3399.0,793.0,1296.0,1738.0,2088.0,1585.0,4319.0,2082.0,514.0,3350.0,1175.0,1409.0,1512.0,46.0,1881.0,4429.0,3834.0,1285.0,586.0,2315.0,1717.0,2555.0,3048.0,8.0,895.0,2253.0,4250.0,1605.0,4100.0,594.0,360.0,3519.0,4446.0,1048.0,2936.0,909.0,4001.0,1060.0,565.0,1310.0,826.0,7408.0,4607.0,405.0,3205.0,5681.0,3100.0,1442.0,923.0,1160.0,153.0,5.0,1112.0,4952.0,781.0,3441.0,6197.0,1215.0,5821.0,1059.0,6.0,361.0,1399.0,1201.0,5611.0,1023.0,10.0,15.0,339.0,1421.0,5922.0,2354.0,1032.0,628.0,2484.0,668.0,2087.0,2292.0,869.0,,525.0,1826.0,5403.0,1287.0,4640.0,2016.0,619.0,406.0,28.0,4.0,1.0,4.0,1.0
ZCON_150_resurf_B,805.0,3263.0,5812.0,3172.0,2766.0,1019.0,1014.0,1030.0,2788.0,1502.0,780.0,2611.0,626.0,3125.0,1826.0,1822.0,910.0,1375.0,2091.0,1811.0,,1188.0,471.0,919.0,1079.0,2295.0,2188.0,5789.0,5378.0,1177.0,1104.0,747.0,1152.0,340.0,1368.0,660.0,670.0,2.0,2190.0,875.0,804.0,1214.0,133.0,1124.0,1149.0,1056.0,626.0,1298.0,1296.0,1168.0,1276.0,1380.0,29.0,1661.0,2786.0,1278.0,962.0,2555.0,204.0,1662.0,4232.0,4283.0,2089.0,224.0,2038.0,1666.0,912.0,1502.0,4.0,771.0,2473.0,3013.0,846.0,1640.0,9764.0,2699.0,11.0,168.0,4.0,3.0,961.0,1512.0,2590.0,2322.0,1115.0,2079.0,816.0,1206.0,2179.0,1302.0,867.0,2429.0,4572.0,2739.0,717.0,3.0,568.0,,2538.0,1091.0,1637.0,1928.0,1426.0,3352.0,2112.0,994.0,552.0,219.0,357.0,353.0,721.0,1899.0,168.0,689.0,820.0,584.0,3.0,7.0,640.0,,,444.0
ZCON_152_A,820.0,3011.0,4376.0,1171.0,3045.0,671.0,2292.0,2160.0,3208.0,1633.0,3193.0,4822.0,422.0,2676.0,2492.0,1637.0,998.0,769.0,3755.0,3134.0,132.0,1401.0,7.0,156.0,1058.0,5973.0,1567.0,793.0,1639.0,3400.0,1509.0,390.0,1201.0,4349.0,736.0,970.0,3818.0,1116.0,1070.0,3576.0,1455.0,4003.0,234.0,1029.0,942.0,2492.0,1756.0,736.0,2264.0,1306.0,359.0,780.0,13.0,404.0,1312.0,1026.0,2872.0,2029.0,979.0,899.0,6192.0,5602.0,4176.0,1996.0,1283.0,2954.0,884.0,1179.0,1763.0,874.0,3072.0,3306.0,142.0,2507.0,5143.0,917.0,17.0,1335.0,4219.0,736.0,1.0,1891.0,1346.0,820.0,104.0,6518.0,1406.0,2184.0,4437.0,1.0,342.0,5397.0,1580.0,3799.0,5.0,734.0,290.0,550.0,2573.0,2133.0,1187.0,304.0,988.0,1655.0,1986.0,935.0,595.0,3529.0,421.0,3252.0,1580.0,1465.0,428.0,718.0,509.0,677.0,407.0,9.0,3.0,322.0,1.0,1.0
ZCON_152_B,674.0,3278.0,1693.0,1357.0,2040.0,4293.0,1303.0,590.0,934.0,425.0,196.0,6048.0,520.0,3970.0,3365.0,1196.0,679.0,479.0,2777.0,261.0,157.0,1049.0,454.0,577.0,3507.0,1670.0,1284.0,2222.0,1050.0,753.0,1031.0,291.0,2210.0,1768.0,436.0,2124.0,151.0,433.0,1686.0,3672.0,938.0,4025.0,171.0,756.0,1540.0,3758.0,1760.0,1841.0,2256.0,1715.0,2666.0,1825.0,1.0,2268.0,1195.0,3824.0,821.0,4236.0,981.0,323.0,2200.0,3040.0,1824.0,1825.0,2468.0,2.0,1393.0,217.0,6.0,1286.0,8885.0,3049.0,1036.0,2407.0,4680.0,619.0,222.0,6.0,965.0,1.0,731.0,721.0,6073.0,1789.0,450.0,4789.0,149.0,5638.0,1525.0,1074.0,1352.0,1966.0,2641.0,4297.0,5.0,1041.0,1435.0,469.0,965.0,1963.0,871.0,707.0,88.0,1956.0,1501.0,2001.0,844.0,205.0,2.0,1636.0,1372.0,2071.0,260.0,558.0,900.0,916.0,330.0,913.0,7.0,5.0,111.0,1.0
ZCON_152_T2_A,276.0,2102.0,1512.0,2264.0,974.0,889.0,52.0,1303.0,1133.0,1278.0,609.0,2557.0,355.0,2364.0,2471.0,551.0,1641.0,857.0,2618.0,828.0,51.0,656.0,846.0,455.0,537.0,1766.0,660.0,2300.0,1310.0,662.0,706.0,320.0,525.0,434.0,4.0,1510.0,363.0,1047.0,979.0,802.0,278.0,3339.0,350.0,931.0,2704.0,779.0,444.0,1626.0,641.0,1759.0,1064.0,1871.0,641.0,1848.0,1521.0,1351.0,1500.0,2181.0,16.0,397.0,1492.0,2710.0,998.0,5.0,356.0,1162.0,2.0,180.0,909.0,2.0,1123.0,2616.0,1096.0,592.0,1791.0,1695.0,2338.0,344.0,653.0,,1587.0,1106.0,2142.0,1505.0,1062.0,925.0,968.0,1004.0,2065.0,549.0,3090.0,549.0,2849.0,14.0,8.0,115.0,255.0,130.0,1094.0,1696.0,514.0,569.0,128.0,1846.0,1046.0,1676.0,792.0,699.0,1.0,4.0,1106.0,1588.0,623.0,7.0,335.0,800.0,1286.0,853.0,,2.0,,3.0
ZCON_152_T2_B,881.0,869.0,2840.0,1100.0,1041.0,12.0,950.0,916.0,500.0,860.0,713.0,558.0,314.0,460.0,595.0,884.0,101.0,778.0,1329.0,750.0,246.0,13.0,321.0,654.0,1781.0,785.0,804.0,2335.0,11.0,577.0,1727.0,339.0,2341.0,1824.0,1556.0,350.0,1231.0,797.0,1669.0,463.0,457.0,1509.0,1895.0,68.0,268.0,675.0,884.0,1747.0,1267.0,453.0,3065.0,153.0,22.0,3324.0,1323.0,724.0,696.0,46.0,1400.0,714.0,598.0,2381.0,826.0,2954.0,1617.0,1471.0,360.0,221.0,6.0,9.0,3515.0,5357.0,8.0,3023.0,2561.0,1096.0,1114.0,530.0,1322.0,345.0,467.0,2.0,610.0,885.0,1326.0,2606.0,1473.0,1575.0,3548.0,1.0,722.0,3148.0,10.0,1634.0,4.0,441.0,,816.0,2640.0,3277.0,1228.0,177.0,905.0,613.0,553.0,2952.0,3.0,1566.0,119.0,21.0,595.0,475.0,440.0,688.0,266.0,1296.0,2.0,543.0,4.0,2.0,,4.0
ZCON_152_T4_A,2.0,261.0,199.0,438.0,836.0,490.0,2.0,916.0,7.0,295.0,675.0,1212.0,429.0,351.0,8.0,1.0,1.0,856.0,688.0,319.0,7.0,4.0,50.0,262.0,251.0,2132.0,43.0,4557.0,308.0,570.0,229.0,1.0,6.0,1519.0,505.0,315.0,5.0,2.0,32.0,1327.0,247.0,1341.0,2.0,1594.0,815.0,978.0,6.0,151.0,9.0,7.0,369.0,201.0,2.0,673.0,3.0,256.0,295.0,1417.0,4.0,76.0,323.0,2399.0,578.0,684.0,756.0,493.0,4.0,252.0,2.0,896.0,842.0,153.0,3.0,8.0,1426.0,878.0,229.0,641.0,2.0,,412.0,1.0,671.0,258.0,1595.0,880.0,462.0,510.0,4.0,4.0,677.0,1503.0,4.0,8.0,2511.0,292.0,,1.0,387.0,271.0,4.0,176.0,5.0,651.0,3.0,821.0,4217.0,2.0,1.0,1.0,2510.0,876.0,1.0,370.0,,93.0,1.0,,,1.0,,2.0
ZCON_152_T4_B,2.0,1095.0,508.0,4.0,688.0,2.0,,2.0,233.0,115.0,622.0,693.0,,165.0,56.0,55.0,299.0,389.0,568.0,155.0,9.0,590.0,,559.0,743.0,584.0,115.0,5.0,498.0,44.0,40.0,8.0,741.0,4.0,183.0,271.0,1025.0,695.0,2.0,241.0,1224.0,170.0,,396.0,551.0,448.0,3.0,213.0,543.0,143.0,107.0,11.0,47.0,6.0,60.0,372.0,3.0,826.0,1.0,204.0,898.0,1320.0,415.0,1534.0,11.0,388.0,168.0,173.0,1.0,3.0,745.0,862.0,6.0,291.0,489.0,122.0,500.0,1.0,1.0,1.0,,2.0,7.0,3.0,118.0,409.0,1023.0,56.0,239.0,1.0,379.0,801.0,1.0,2054.0,694.0,2.0,,167.0,505.0,412.0,158.0,902.0,306.0,263.0,592.0,151.0,720.0,,312.0,2.0,308.0,869.0,4.0,308.0,508.0,,411.0,,1.0,,,
ZCON_154_LL_A,2134.0,12096.0,8047.0,10679.0,8931.0,9819.0,1235.0,3030.0,7616.0,2753.0,3801.0,5147.0,3222.0,5812.0,6279.0,1535.0,3922.0,5377.0,9450.0,5194.0,1688.0,2774.0,329.0,3010.0,6267.0,4404.0,7322.0,7562.0,4245.0,5775.0,2914.0,1312.0,3137.0,7853.0,2546.0,3120.0,3773.0,1995.0,1190.0,4576.0,2876.0,12905.0,533.0,4676.0,4945.0,7389.0,2371.0,2861.0,7088.0,2448.0,2312.0,10241.0,49.0,2599.0,5603.0,10726.0,7713.0,5963.0,1142.0,1492.0,9919.0,14214.0,8498.0,10506.0,1547.0,3142.0,2473.0,1701.0,3305.0,1174.0,5731.0,7182.0,1787.0,3740.0,21404.0,6545.0,3762.0,2988.0,2855.0,1521.0,163.0,1895.0,6209.0,2372.0,6839.0,15425.0,3139.0,7810.0,7473.0,996.0,5683.0,3119.0,5426.0,10513.0,750.0,1099.0,1588.0,959.0,7659.0,6650.0,4523.0,4296.0,1929.0,10717.0,5721.0,7542.0,2683.0,260.0,477.0,2549.0,4725.0,8061.0,6054.0,744.0,5020.0,31.0,801.0,1984.0,279.0,1356.0,9.0,13.0
ZCON_154_LL_B,1503.0,10591.0,10130.0,4819.0,6213.0,2919.0,3232.0,4732.0,6967.0,1663.0,5901.0,10560.0,1145.0,12136.0,5492.0,4822.0,4124.0,3896.0,9122.0,3696.0,862.0,3085.0,906.0,1297.0,1590.0,6476.0,4595.0,17968.0,1248.0,6489.0,3070.0,1031.0,4173.0,6357.0,1691.0,4686.0,3911.0,2913.0,4051.0,4017.0,2684.0,13146.0,249.0,4076.0,4253.0,4582.0,1409.0,2446.0,3985.0,2930.0,4938.0,5505.0,4.0,4913.0,5392.0,8757.0,2898.0,5612.0,5153.0,1599.0,4956.0,12420.0,5038.0,4764.0,626.0,2321.0,1238.0,2467.0,22.0,1298.0,6468.0,4574.0,3797.0,2640.0,15441.0,6534.0,750.0,1734.0,697.0,1820.0,713.0,2693.0,9221.0,4075.0,8748.0,12760.0,6766.0,4191.0,7727.0,1072.0,5610.0,9225.0,5004.0,3614.0,368.0,589.0,8.0,391.0,5306.0,10928.0,1780.0,3627.0,1400.0,5857.0,888.0,4233.0,4527.0,787.0,1846.0,726.0,9898.0,5449.0,4044.0,5432.0,963.0,321.0,444.0,3385.0,472.0,600.0,968.0,255.0
ZCON_154_resurf_A,1264.0,1143.0,3127.0,2624.0,3086.0,2224.0,1128.0,755.0,2073.0,1605.0,854.0,2508.0,73.0,1279.0,3300.0,1265.0,557.0,218.0,699.0,903.0,35.0,2896.0,299.0,2104.0,1123.0,2398.0,1675.0,3257.0,1324.0,3655.0,446.0,316.0,721.0,939.0,197.0,806.0,1047.0,1091.0,745.0,1932.0,4681.0,7103.0,210.0,911.0,723.0,1750.0,404.0,2004.0,821.0,828.0,2233.0,2653.0,2.0,2120.0,800.0,1751.0,2320.0,1493.0,207.0,264.0,2778.0,3696.0,2721.0,335.0,368.0,1780.0,691.0,6.0,952.0,596.0,3879.0,3349.0,367.0,1663.0,4688.0,1025.0,415.0,342.0,449.0,260.0,1.0,336.0,4131.0,248.0,2011.0,2823.0,726.0,1858.0,3855.0,,9306.0,3989.0,203.0,1644.0,304.0,582.0,580.0,3.0,2227.0,2336.0,9.0,1015.0,73.0,1202.0,2058.0,825.0,518.0,1077.0,6.0,1236.0,882.0,452.0,320.0,1655.0,169.0,763.0,542.0,1.0,125.0,1.0,3.0,2.0
ZCON_154_resurf_B,865.0,3107.0,2495.0,2515.0,818.0,1948.0,1941.0,8.0,741.0,870.0,683.0,3500.0,503.0,4247.0,3640.0,2149.0,676.0,236.0,2548.0,1531.0,123.0,364.0,214.0,797.0,2601.0,1246.0,2157.0,1384.0,404.0,2906.0,882.0,357.0,1255.0,2289.0,709.0,5801.0,2114.0,775.0,842.0,1084.0,2286.0,2684.0,398.0,775.0,1270.0,4492.0,868.0,46.0,1534.0,966.0,2261.0,1009.0,,1096.0,1237.0,1310.0,1386.0,2856.0,1770.0,44.0,4293.0,4741.0,2124.0,765.0,528.0,2518.0,187.0,1030.0,378.0,5.0,4790.0,3582.0,1526.0,15.0,4613.0,2874.0,938.0,1408.0,924.0,421.0,2.0,8.0,1551.0,6.0,685.0,2918.0,1974.0,1613.0,2550.0,4.0,647.0,2346.0,1143.0,1655.0,720.0,8.0,1.0,579.0,4647.0,5078.0,539.0,1269.0,1175.0,3809.0,1421.0,2114.0,1721.0,616.0,310.0,3.0,1581.0,1857.0,1467.0,667.0,119.0,1587.0,595.0,1356.0,520.0,4.0,2.0,2.0
ZCON_155_LL_A,2532.0,8499.0,10840.0,6113.0,5994.0,5674.0,1474.0,4659.0,6009.0,1033.0,3258.0,8856.0,2114.0,8692.0,9655.0,4385.0,3507.0,6001.0,7829.0,3360.0,1112.0,5314.0,1079.0,1980.0,3207.0,5249.0,5912.0,12288.0,3773.0,3067.0,2443.0,2046.0,6217.0,6415.0,7857.0,5000.0,7516.0,3898.0,3534.0,5659.0,2426.0,5776.0,1369.0,1413.0,4485.0,4712.0,2923.0,2624.0,5522.0,4920.0,7797.0,5403.0,436.0,4969.0,2703.0,8543.0,2145.0,3774.0,1917.0,2332.0,11885.0,12951.0,11592.0,2409.0,2316.0,5162.0,2234.0,2345.0,2499.0,1428.0,11054.0,13103.0,4350.0,5479.0,13442.0,4826.0,2282.0,411.0,1667.0,11.0,258.0,1804.0,12849.0,1208.0,3909.0,13878.0,2971.0,6102.0,6477.0,5.0,2847.0,5818.0,3914.0,10506.0,2404.0,812.0,2007.0,499.0,7151.0,8414.0,4408.0,4896.0,1163.0,10484.0,2422.0,2630.0,6595.0,4147.0,479.0,1901.0,7821.0,5742.0,3018.0,3228.0,1460.0,1165.0,701.0,3222.0,4.0,957.0,227.0,445.0
ZCON_155_LL_B,718.0,3888.0,5122.0,3782.0,1387.0,3647.0,1456.0,3715.0,2315.0,834.0,1419.0,6021.0,822.0,5611.0,3130.0,2960.0,1167.0,4598.0,3530.0,1388.0,1311.0,1155.0,1216.0,159.0,2983.0,3275.0,1739.0,1557.0,47.0,3090.0,2894.0,895.0,3857.0,1734.0,2504.0,4600.0,3698.0,1534.0,957.0,2401.0,3912.0,4496.0,137.0,2914.0,1344.0,2989.0,715.0,2944.0,1438.0,1307.0,1899.0,2076.0,487.0,3235.0,1012.0,4612.0,1248.0,4094.0,1382.0,1069.0,4639.0,8081.0,4747.0,3945.0,1502.0,897.0,1665.0,982.0,1850.0,538.0,7014.0,5719.0,997.0,3844.0,8986.0,2975.0,547.0,624.0,1712.0,841.0,463.0,14.0,2273.0,2865.0,3216.0,1270.0,3859.0,3744.0,4884.0,855.0,2659.0,5450.0,394.0,5130.0,577.0,661.0,1148.0,907.0,2388.0,4214.0,3481.0,1981.0,884.0,3539.0,1908.0,3869.0,2916.0,1441.0,2.0,354.0,814.0,693.0,923.0,985.0,13.0,1636.0,10.0,641.0,,5.0,205.0,450.0
ZCON_155_cutT2_A,2.0,464.0,1466.0,1971.0,1643.0,833.0,4.0,1206.0,1593.0,757.0,848.0,871.0,463.0,928.0,1191.0,152.0,272.0,671.0,990.0,796.0,843.0,600.0,314.0,485.0,1117.0,2611.0,531.0,632.0,662.0,1402.0,612.0,346.0,106.0,837.0,729.0,1846.0,1040.0,1418.0,2952.0,1959.0,121.0,555.0,175.0,1181.0,406.0,1016.0,4.0,909.0,556.0,1051.0,1348.0,7.0,1.0,1124.0,373.0,1617.0,751.0,1686.0,636.0,154.0,817.0,2059.0,821.0,1079.0,478.0,672.0,734.0,417.0,1394.0,194.0,2157.0,2571.0,77.0,1561.0,3564.0,654.0,31.0,3.0,6.0,379.0,2.0,1.0,1139.0,117.0,5.0,2179.0,354.0,852.0,2407.0,,1099.0,822.0,656.0,2171.0,578.0,4.0,,2.0,773.0,1102.0,1356.0,2045.0,213.0,1362.0,340.0,845.0,1452.0,904.0,305.0,6.0,2151.0,712.0,4.0,2.0,1.0,3.0,,4.0,622.0,,,1.0
ZCON_155_cutT2_B,,181.0,,1.0,660.0,,,1.0,,,71.0,2.0,,,1.0,,1.0,1.0,440.0,2.0,,,,111.0,179.0,1.0,,3.0,,,,,1.0,1.0,1.0,,195.0,,,,,802.0,,2.0,1.0,2.0,2.0,,,2.0,,1008.0,,,1.0,,1.0,2.0,199.0,195.0,78.0,4.0,,,,1.0,1.0,,254.0,,373.0,,217.0,,883.0,1.0,223.0,,,1.0,,1.0,300.0,2.0,,2.0,,4.0,358.0,1.0,4.0,,2.0,2.0,,,,,1.0,,,,74.0,1.0,349.0,2.0,1007.0,618.0,1.0,,169.0,240.0,3.0,,2.0,1.0,,,,,,
ZCON_155_cutT4_A,220.0,1082.0,4.0,7.0,331.0,309.0,2.0,3.0,401.0,652.0,6.0,3028.0,679.0,404.0,151.0,314.0,179.0,2.0,972.0,3.0,254.0,596.0,392.0,1.0,344.0,2084.0,1206.0,1208.0,187.0,319.0,718.0,152.0,1494.0,890.0,435.0,3.0,3.0,36.0,912.0,83.0,196.0,890.0,71.0,620.0,261.0,516.0,173.0,2.0,563.0,5.0,10.0,624.0,37.0,6.0,159.0,1769.0,2.0,1332.0,2.0,290.0,841.0,542.0,1202.0,623.0,702.0,8.0,1.0,614.0,72.0,380.0,1120.0,3851.0,4.0,2.0,2287.0,37.0,4.0,1.0,1.0,,3.0,3.0,414.0,119.0,524.0,808.0,654.0,1573.0,1105.0,,7.0,5.0,131.0,380.0,3.0,2.0,496.0,,352.0,682.0,3.0,4.0,120.0,473.0,3.0,280.0,288.0,533.0,742.0,,291.0,8.0,3.0,2168.0,685.0,1.0,1.0,3.0,2.0,1.0,,1.0
ZCON_155_cutT4_B,423.0,308.0,2410.0,415.0,300.0,57.0,816.0,1047.0,4.0,480.0,110.0,8.0,360.0,1241.0,712.0,5.0,,205.0,379.0,2.0,121.0,2.0,3.0,370.0,586.0,1486.0,1383.0,758.0,968.0,267.0,5.0,,1153.0,3.0,520.0,15.0,323.0,3.0,3.0,174.0,654.0,1232.0,350.0,1635.0,509.0,668.0,1.0,4.0,7.0,150.0,311.0,2.0,,56.0,96.0,6.0,238.0,1758.0,3.0,1.0,6.0,1474.0,713.0,1.0,7.0,478.0,159.0,1.0,463.0,1.0,12.0,410.0,3.0,399.0,471.0,1014.0,5.0,1.0,12.0,,,669.0,8.0,454.0,920.0,438.0,1512.0,6.0,8.0,,776.0,990.0,432.0,5.0,2.0,1.0,223.0,863.0,1232.0,1056.0,,4.0,1.0,337.0,266.0,595.0,2.0,1122.0,2.0,,1874.0,738.0,1.0,416.0,,1476.0,2.0,972.0,1.0,3.0,,202.0
ZCON_155_cutT5_A,1.0,470.0,6.0,1083.0,896.0,539.0,1.0,277.0,609.0,887.0,2.0,973.0,928.0,731.0,806.0,116.0,595.0,138.0,1246.0,3.0,1.0,192.0,240.0,356.0,4.0,1548.0,377.0,1514.0,5.0,227.0,298.0,211.0,516.0,1049.0,196.0,5.0,172.0,1.0,568.0,105.0,4.0,7.0,1.0,6.0,247.0,8.0,542.0,518.0,761.0,2.0,753.0,1211.0,,3.0,449.0,802.0,2.0,2145.0,165.0,24.0,1549.0,1240.0,744.0,4.0,2.0,109.0,932.0,38.0,4.0,2.0,10.0,6.0,44.0,2109.0,1223.0,316.0,171.0,2.0,1034.0,1550.0,,2.0,1230.0,703.0,6.0,273.0,384.0,705.0,5.0,,827.0,805.0,900.0,3.0,1.0,2.0,,325.0,630.0,1134.0,131.0,829.0,2.0,7.0,422.0,7.0,229.0,193.0,2.0,2.0,1622.0,5.0,324.0,61.0,415.0,,,2.0,1.0,2.0,,
ZCON_155_cutT5_B,245.0,137.0,388.0,142.0,2.0,229.0,358.0,239.0,,116.0,2.0,4.0,78.0,197.0,342.0,32.0,420.0,276.0,1.0,,,3.0,,625.0,4.0,1010.0,365.0,1825.0,1171.0,3.0,,,,276.0,198.0,3.0,2.0,,3.0,653.0,9.0,795.0,18.0,,4.0,375.0,415.0,1.0,1.0,281.0,1.0,2.0,,413.0,308.0,2.0,1.0,445.0,1.0,17.0,805.0,7.0,230.0,20.0,102.0,26.0,12.0,120.0,,1.0,8.0,41.0,792.0,2.0,875.0,176.0,2.0,268.0,1.0,,,3.0,243.0,2.0,155.0,8.0,198.0,560.0,688.0,,484.0,3.0,535.0,645.0,1.0,1.0,1.0,,,902.0,1.0,1.0,,504.0,14.0,1779.0,164.0,1.0,,1.0,1.0,1.0,1.0,2.0,2.0,,,2.0,,,1.0,
ZCON_155_resurf_A,697.0,2708.0,3107.0,4000.0,2151.0,2229.0,1241.0,2565.0,2967.0,392.0,3596.0,5072.0,757.0,2660.0,7416.0,1297.0,2163.0,4562.0,5181.0,1745.0,130.0,1723.0,563.0,745.0,3165.0,3251.0,5973.0,5123.0,2190.0,2194.0,1339.0,462.0,4936.0,4196.0,894.0,2251.0,3586.0,1850.0,1169.0,2279.0,1371.0,1668.0,1009.0,4810.0,3021.0,3389.0,896.0,2639.0,3401.0,1938.0,3536.0,5271.0,161.0,3018.0,3728.0,2321.0,1876.0,3656.0,1760.0,1858.0,5461.0,8906.0,3692.0,2507.0,1599.0,1099.0,1425.0,2204.0,690.0,765.0,4628.0,6004.0,2818.0,4115.0,11296.0,1686.0,1557.0,7.0,1240.0,236.0,5.0,2905.0,118.0,745.0,3924.0,6770.0,2976.0,3688.0,2716.0,108.0,2857.0,8191.0,1571.0,6355.0,232.0,1669.0,555.0,7.0,3839.0,6995.0,3526.0,2971.0,1490.0,4995.0,3922.0,2463.0,472.0,342.0,742.0,1644.0,2838.0,3224.0,3120.0,2818.0,1495.0,3161.0,229.0,415.0,105.0,937.0,350.0,312.0
ZCON_155_resurf_B,81.0,2396.0,1873.0,1736.0,1498.0,2142.0,674.0,301.0,1889.0,1005.0,1851.0,3032.0,300.0,2768.0,1741.0,479.0,1030.0,337.0,3906.0,533.0,306.0,817.0,233.0,755.0,861.0,1972.0,707.0,3848.0,272.0,3010.0,98.0,122.0,419.0,3416.0,893.0,378.0,1467.0,31.0,662.0,2081.0,2100.0,1343.0,660.0,1621.0,3261.0,1165.0,194.0,136.0,308.0,1040.0,2640.0,1677.0,289.0,780.0,1744.0,3837.0,3083.0,3458.0,1041.0,267.0,6188.0,2716.0,1482.0,989.0,553.0,2799.0,1330.0,2951.0,1775.0,587.0,3550.0,5485.0,1424.0,18.0,2922.0,2751.0,585.0,2161.0,5.0,6.0,382.0,573.0,3669.0,1031.0,605.0,5942.0,1725.0,1770.0,29.0,2.0,928.0,2119.0,884.0,3575.0,1566.0,282.0,2.0,1.0,3279.0,4458.0,2471.0,2056.0,99.0,2961.0,632.0,2660.0,1108.0,1363.0,2.0,591.0,674.0,1982.0,2481.0,165.0,596.0,1071.0,291.0,398.0,197.0,3.0,4.0,1.0
ZCON_15_re_loop_LL_A,548.0,2885.0,4096.0,2225.0,3134.0,1761.0,467.0,2943.0,1699.0,1834.0,2311.0,5341.0,1011.0,5231.0,3492.0,2922.0,666.0,4337.0,7358.0,858.0,353.0,1439.0,1020.0,1418.0,1869.0,5252.0,2668.0,6612.0,3244.0,5317.0,2071.0,946.0,2295.0,2854.0,825.0,3235.0,1338.0,1006.0,3072.0,646.0,2910.0,6523.0,672.0,3015.0,3890.0,4219.0,4488.0,1453.0,6441.0,1908.0,3227.0,2288.0,172.0,1927.0,5619.0,4268.0,1234.0,2517.0,1202.0,951.0,6493.0,5270.0,2979.0,2807.0,793.0,1142.0,2810.0,341.0,446.0,7.0,5905.0,5879.0,2843.0,2108.0,11866.0,3268.0,1818.0,341.0,1876.0,1553.0,652.0,1975.0,9377.0,1224.0,3599.0,10701.0,1367.0,2185.0,4072.0,4.0,1536.0,3217.0,2001.0,6033.0,349.0,2132.0,760.0,5.0,9517.0,9257.0,1651.0,1112.0,445.0,9522.0,3750.0,3358.0,2300.0,706.0,3.0,1250.0,1166.0,4329.0,1196.0,2806.0,2542.0,1156.0,234.0,435.0,620.0,990.0,2.0,809.0
ZCON_15_re_loop_LL_B,1316.0,7470.0,2551.0,9297.0,4126.0,4902.0,2405.0,3312.0,6680.0,2398.0,4197.0,7437.0,989.0,7792.0,5119.0,1767.0,3981.0,3501.0,6998.0,1794.0,987.0,2228.0,1396.0,527.0,1626.0,5626.0,4340.0,5558.0,3750.0,5468.0,2421.0,1762.0,6224.0,3031.0,968.0,5913.0,2437.0,1745.0,1449.0,3491.0,3040.0,9386.0,1140.0,2285.0,896.0,8047.0,1990.0,2921.0,6167.0,6155.0,5490.0,1413.0,59.0,1824.0,3263.0,7323.0,2751.0,3447.0,2783.0,1740.0,7156.0,10523.0,3870.0,3054.0,1417.0,3480.0,1136.0,1913.0,1090.0,1695.0,11082.0,8914.0,3732.0,4241.0,10364.0,2953.0,1902.0,1672.0,2866.0,2516.0,3.0,876.0,7501.0,297.0,6357.0,7638.0,4554.0,6469.0,6264.0,8.0,6327.0,5802.0,3210.0,6434.0,1450.0,2049.0,1511.0,756.0,6276.0,10864.0,1473.0,887.0,1204.0,8109.0,5518.0,8334.0,1510.0,3866.0,2569.0,4455.0,3430.0,4277.0,2325.0,5460.0,578.0,1472.0,8.0,1165.0,413.0,361.0,575.0,535.0
ZCON_15_re_loop_resurf_A,94.0,4717.0,2959.0,3147.0,1578.0,1442.0,400.0,982.0,1828.0,1244.0,946.0,2904.0,687.0,2575.0,2762.0,496.0,1438.0,818.0,2521.0,764.0,346.0,1722.0,506.0,959.0,647.0,2396.0,4408.0,1907.0,871.0,861.0,810.0,405.0,849.0,1685.0,705.0,2242.0,1306.0,2229.0,1057.0,622.0,1591.0,3489.0,94.0,1016.0,1460.0,2644.0,1040.0,1178.0,1431.0,1547.0,2749.0,2011.0,20.0,1050.0,1095.0,1923.0,578.0,967.0,680.0,688.0,3173.0,7731.0,1733.0,1477.0,331.0,2716.0,1321.0,1059.0,668.0,519.0,4636.0,4191.0,1814.0,2951.0,4257.0,1406.0,598.0,1284.0,1582.0,586.0,228.0,415.0,3290.0,646.0,2895.0,5883.0,1605.0,1968.0,3429.0,1268.0,1917.0,1838.0,4750.0,2154.0,304.0,1388.0,3.0,7.0,1875.0,1324.0,2426.0,2157.0,452.0,3870.0,776.0,1988.0,1683.0,365.0,2.0,328.0,565.0,1105.0,505.0,9.0,4.0,669.0,127.0,1532.0,270.0,97.0,1.0,39.0
ZCON_15_re_loop_resurf_B,1016.0,2579.0,1777.0,1996.0,2146.0,2631.0,1227.0,1433.0,2627.0,215.0,700.0,1755.0,969.0,3555.0,2819.0,865.0,994.0,278.0,3182.0,1148.0,320.0,808.0,926.0,1090.0,691.0,2385.0,2328.0,1990.0,2399.0,2244.0,901.0,54.0,1403.0,1687.0,57.0,1831.0,1707.0,2.0,858.0,288.0,2128.0,2923.0,373.0,8.0,2643.0,192.0,993.0,9.0,1015.0,933.0,1555.0,1682.0,45.0,2773.0,2156.0,1241.0,77.0,2249.0,5.0,187.0,1518.0,4380.0,567.0,672.0,2000.0,1919.0,1332.0,468.0,218.0,454.0,8061.0,1650.0,1053.0,1143.0,3005.0,1182.0,858.0,1280.0,713.0,633.0,331.0,1071.0,21.0,595.0,1817.0,3379.0,1122.0,1815.0,1797.0,1.0,1274.0,3726.0,617.0,2373.0,1743.0,220.0,1853.0,560.0,1092.0,2535.0,1571.0,956.0,640.0,1284.0,1650.0,1337.0,991.0,302.0,3.0,1.0,1238.0,1519.0,876.0,528.0,3.0,33.0,973.0,9.0,275.0,1.0,249.0,2.0
ZCON_2_CC_A,249.0,5850.0,4892.0,1149.0,4366.0,3825.0,200.0,757.0,2709.0,2430.0,500.0,2507.0,259.0,2011.0,2068.0,249.0,239.0,2125.0,1768.0,1378.0,159.0,1561.0,799.0,1633.0,861.0,5802.0,3299.0,3276.0,3480.0,2699.0,2358.0,350.0,4986.0,3898.0,1720.0,907.0,2128.0,992.0,1618.0,3812.0,456.0,4018.0,1315.0,339.0,562.0,1731.0,1267.0,497.0,2066.0,669.0,1465.0,2343.0,521.0,686.0,3839.0,2694.0,1275.0,2490.0,1302.0,285.0,2672.0,3156.0,3481.0,1562.0,1084.0,2370.0,257.0,719.0,709.0,18.0,2789.0,4146.0,1820.0,2300.0,6089.0,3626.0,2034.0,548.0,14.0,734.0,5.0,1218.0,4061.0,1736.0,3210.0,6460.0,1266.0,6459.0,29.0,2.0,1654.0,1905.0,350.0,5152.0,1336.0,1138.0,2.0,243.0,2591.0,3990.0,551.0,1258.0,152.0,676.0,1035.0,2836.0,15.0,299.0,308.0,10.0,1707.0,1757.0,2003.0,513.0,769.0,129.0,1677.0,3203.0,3.0,922.0,1720.0,4.0
ZCON_2_CC_B,249.0,2679.0,1126.0,2259.0,1491.0,619.0,513.0,1388.0,2274.0,770.0,721.0,2790.0,75.0,2093.0,1475.0,304.0,6.0,1814.0,2292.0,605.0,100.0,739.0,895.0,1342.0,2272.0,2194.0,1165.0,600.0,1091.0,1108.0,104.0,182.0,569.0,1985.0,909.0,1242.0,2174.0,138.0,1212.0,2091.0,2184.0,1590.0,45.0,1138.0,451.0,912.0,482.0,535.0,331.0,504.0,1173.0,303.0,280.0,1582.0,1056.0,507.0,778.0,2388.0,10.0,429.0,2642.0,4132.0,150.0,948.0,994.0,2188.0,220.0,773.0,239.0,518.0,1492.0,2297.0,456.0,2010.0,2120.0,529.0,709.0,1.0,322.0,,448.0,274.0,1729.0,1938.0,2299.0,1201.0,669.0,2497.0,3186.0,4.0,735.0,166.0,950.0,770.0,355.0,3.0,3.0,539.0,1491.0,1188.0,923.0,375.0,138.0,587.0,1819.0,2141.0,1370.0,1599.0,105.0,469.0,1043.0,1706.0,128.0,132.0,2.0,168.0,6.0,594.0,819.0,4.0,216.0,2.0
ZCON_2_CC_resurf_A,824.0,5603.0,3890.0,415.0,2596.0,1930.0,2418.0,1152.0,1419.0,1217.0,207.0,2379.0,228.0,3064.0,3651.0,871.0,1018.0,1838.0,4104.0,975.0,250.0,2221.0,620.0,565.0,2863.0,3301.0,1847.0,3358.0,1407.0,1287.0,362.0,348.0,704.0,1665.0,383.0,1406.0,3487.0,508.0,2383.0,2713.0,3518.0,4440.0,1516.0,1511.0,781.0,3400.0,1154.0,276.0,1665.0,483.0,1074.0,4186.0,544.0,3662.0,2491.0,511.0,1457.0,1091.0,974.0,914.0,2252.0,5042.0,3251.0,1972.0,1877.0,1951.0,1042.0,1148.0,894.0,929.0,2824.0,4407.0,1571.0,1074.0,6167.0,3120.0,468.0,240.0,828.0,4.0,3.0,846.0,6319.0,1001.0,644.0,1862.0,2788.0,152.0,1421.0,2.0,785.0,1905.0,3798.0,1392.0,1050.0,1983.0,1868.0,2.0,1738.0,3926.0,3811.0,1010.0,563.0,612.0,674.0,4929.0,717.0,8.0,206.0,4.0,820.0,1617.0,483.0,1149.0,448.0,269.0,330.0,5.0,40.0,320.0,12.0,1389.0
ZCON_2_CC_resurf_B,307.0,1889.0,4350.0,1529.0,2163.0,3825.0,664.0,622.0,6320.0,1850.0,1750.0,3703.0,125.0,1576.0,1281.0,2310.0,89.0,4780.0,628.0,877.0,134.0,507.0,105.0,1162.0,1287.0,3189.0,5404.0,4418.0,3968.0,1438.0,240.0,740.0,2111.0,3643.0,1016.0,4710.0,593.0,87.0,1548.0,309.0,3243.0,7569.0,7.0,2312.0,2515.0,5490.0,1066.0,2131.0,2506.0,856.0,1795.0,1493.0,5.0,2523.0,357.0,1868.0,1376.0,2212.0,1712.0,1628.0,2284.0,4958.0,2537.0,87.0,738.0,1451.0,568.0,1490.0,378.0,711.0,5387.0,5248.0,2290.0,3581.0,3399.0,2147.0,1007.0,896.0,1286.0,170.0,272.0,612.0,2872.0,839.0,579.0,4161.0,951.0,3105.0,1335.0,,1653.0,1766.0,1131.0,5235.0,2.0,760.0,3.0,1871.0,3125.0,4387.0,1929.0,2367.0,102.0,2675.0,1496.0,2289.0,550.0,589.0,2.0,641.0,916.0,4427.0,178.0,939.0,6.0,275.0,5.0,1561.0,5.0,520.0,547.0,716.0
ZCON_2_CC_resurf_cutT2_A,1.0,233.0,1891.0,1870.0,944.0,1595.0,43.0,672.0,1733.0,625.0,1478.0,240.0,726.0,570.0,2130.0,327.0,316.0,1276.0,699.0,515.0,76.0,842.0,837.0,149.0,149.0,3103.0,642.0,697.0,113.0,590.0,276.0,602.0,7.0,119.0,1635.0,408.0,629.0,308.0,481.0,870.0,775.0,319.0,244.0,887.0,886.0,1212.0,277.0,68.0,14.0,1155.0,692.0,2273.0,6.0,1010.0,35.0,2556.0,277.0,15.0,1292.0,72.0,951.0,1827.0,205.0,418.0,1458.0,565.0,3.0,903.0,201.0,2.0,6081.0,905.0,640.0,1145.0,2025.0,1045.0,3.0,1.0,349.0,,2.0,808.0,966.0,827.0,1762.0,2963.0,2018.0,1007.0,926.0,3.0,479.0,1959.0,615.0,395.0,1.0,171.0,812.0,352.0,764.0,1476.0,851.0,5.0,308.0,1089.0,795.0,1307.0,5.0,1132.0,675.0,1.0,299.0,1629.0,1879.0,1275.0,179.0,4.0,2.0,4.0,416.0,843.0,486.0,1.0
ZCON_2_CC_resurf_cutT2_B,967.0,3944.0,5127.0,3336.0,2776.0,280.0,1157.0,729.0,1887.0,1443.0,1602.0,2878.0,6.0,556.0,4868.0,2041.0,1028.0,517.0,2532.0,171.0,542.0,979.0,1097.0,1109.0,1049.0,5422.0,408.0,4828.0,1396.0,3727.0,557.0,5.0,754.0,2426.0,141.0,290.0,321.0,782.0,1310.0,706.0,1582.0,2569.0,34.0,616.0,2055.0,1561.0,206.0,1110.0,3109.0,3312.0,1041.0,1224.0,1895.0,1336.0,1732.0,581.0,260.0,722.0,715.0,548.0,949.0,2825.0,1038.0,340.0,1352.0,2562.0,600.0,929.0,1593.0,425.0,3177.0,4589.0,148.0,1441.0,3673.0,1353.0,1536.0,931.0,512.0,1.0,760.0,949.0,905.0,820.0,2242.0,5735.0,904.0,1039.0,5461.0,1236.0,812.0,3584.0,2099.0,46.0,555.0,10.0,5.0,795.0,2646.0,4399.0,12.0,932.0,425.0,2567.0,1676.0,1540.0,9.0,1189.0,,896.0,2030.0,2736.0,599.0,293.0,6.0,832.0,4.0,1146.0,450.0,651.0,729.0,2.0
ZCON_2_CC_resurf_cutT4_A,272.0,1813.0,555.0,241.0,8.0,489.0,4.0,663.0,767.0,652.0,404.0,388.0,1341.0,522.0,453.0,448.0,295.0,4.0,584.0,112.0,,5.0,1.0,682.0,967.0,457.0,23.0,545.0,4.0,1527.0,312.0,43.0,4.0,1046.0,2.0,6.0,214.0,72.0,418.0,853.0,84.0,604.0,1.0,145.0,624.0,1206.0,2.0,1003.0,572.0,1.0,153.0,4.0,,5.0,564.0,1111.0,192.0,795.0,9.0,129.0,470.0,1409.0,685.0,2.0,303.0,1295.0,2.0,3.0,1.0,734.0,647.0,777.0,2.0,932.0,798.0,906.0,480.0,,1241.0,,,2.0,1463.0,5.0,1035.0,2465.0,339.0,2095.0,813.0,2.0,2143.0,182.0,6.0,277.0,198.0,1.0,,695.0,416.0,775.0,2.0,753.0,77.0,1244.0,6.0,1349.0,139.0,1.0,1.0,4.0,4.0,1669.0,,2.0,2.0,2.0,2.0,1.0,2.0,,,
ZCON_2_CC_resurf_cutT4_B,19.0,517.0,1788.0,505.0,1755.0,793.0,612.0,4.0,433.0,7.0,538.0,1948.0,3.0,3110.0,1424.0,324.0,8.0,338.0,1674.0,467.0,1.0,313.0,537.0,385.0,510.0,1975.0,1436.0,1831.0,800.0,919.0,211.0,1.0,38.0,1109.0,63.0,1018.0,956.0,1054.0,662.0,1330.0,397.0,2794.0,1.0,5.0,474.0,1372.0,2.0,4.0,761.0,1297.0,319.0,333.0,1.0,445.0,1104.0,13.0,3.0,7.0,1019.0,214.0,1634.0,2277.0,1394.0,300.0,1051.0,227.0,733.0,126.0,2.0,1.0,1699.0,1874.0,564.0,462.0,884.0,240.0,3.0,2.0,2.0,254.0,2.0,,752.0,210.0,749.0,1071.0,4.0,1282.0,640.0,,719.0,2706.0,1567.0,11.0,1.0,2.0,3.0,4.0,1760.0,3824.0,1337.0,596.0,618.0,2347.0,3277.0,1450.0,3688.0,3.0,287.0,964.0,425.0,928.0,633.0,7.0,1.0,553.0,,2865.0,2.0,1.0,,
ZCON_2_CC_resurf_cutT6_A,,443.0,5.0,334.0,412.0,257.0,1.0,3.0,7.0,,,652.0,,7.0,231.0,1.0,1.0,3.0,182.0,3.0,43.0,686.0,1140.0,1.0,1.0,4.0,921.0,5.0,136.0,4.0,,1.0,243.0,,,,1804.0,379.0,,226.0,227.0,265.0,1.0,176.0,2.0,471.0,1.0,109.0,1227.0,1.0,4.0,1.0,,179.0,2.0,454.0,,2.0,1.0,185.0,338.0,475.0,312.0,,1.0,209.0,683.0,2.0,1.0,460.0,4.0,1636.0,1.0,503.0,252.0,823.0,342.0,,,,1.0,1.0,413.0,164.0,5.0,547.0,71.0,1659.0,262.0,,,911.0,445.0,3.0,1.0,182.0,1.0,,243.0,9.0,3.0,1.0,,1236.0,2.0,814.0,3.0,1.0,,3.0,2.0,868.0,326.0,2.0,602.0,,241.0,4.0,,,,
ZCON_2_CC_resurf_cutT6_B,,3.0,213.0,3.0,517.0,315.0,2.0,2.0,340.0,176.0,157.0,544.0,1.0,287.0,2.0,299.0,2.0,411.0,253.0,811.0,,,,184.0,146.0,259.0,4.0,3.0,559.0,1.0,788.0,633.0,1.0,326.0,254.0,3.0,2.0,301.0,3.0,1942.0,,507.0,71.0,833.0,48.0,3.0,1.0,152.0,4.0,245.0,182.0,369.0,,457.0,261.0,2548.0,4.0,109.0,,295.0,563.0,120.0,640.0,598.0,3.0,239.0,355.0,1.0,1.0,,6.0,516.0,,176.0,57.0,56.0,,4.0,160.0,3.0,,1.0,930.0,557.0,62.0,1789.0,97.0,4.0,313.0,,5.0,2.0,2.0,693.0,1.0,275.0,1.0,,1019.0,3.0,474.0,585.0,327.0,5.0,651.0,2.0,,2.0,,820.0,192.0,673.0,2.0,,,319.0,1.0,,1.0,,,
ZCON_37_LL_A,1729.0,10532.0,8926.0,4012.0,5823.0,6758.0,2072.0,974.0,2874.0,1571.0,2093.0,4787.0,1295.0,4367.0,2721.0,468.0,3336.0,3927.0,5867.0,2191.0,487.0,667.0,1036.0,2352.0,414.0,4807.0,1898.0,5856.0,2784.0,2996.0,1386.0,467.0,2334.0,874.0,834.0,2987.0,3502.0,1879.0,1213.0,1009.0,2777.0,5788.0,513.0,4388.0,3547.0,2121.0,1637.0,2221.0,4132.0,973.0,2521.0,2782.0,431.0,2604.0,1946.0,5590.0,1497.0,3843.0,3468.0,762.0,6359.0,7962.0,7672.0,1784.0,1544.0,3477.0,1722.0,603.0,2108.0,1785.0,4683.0,3577.0,2205.0,2221.0,4420.0,4463.0,2020.0,505.0,896.0,538.0,229.0,1886.0,7715.0,2210.0,5635.0,10745.0,2627.0,2836.0,1305.0,2.0,2610.0,1978.0,2582.0,2129.0,784.0,1174.0,451.0,6.0,3385.0,3591.0,3037.0,2037.0,941.0,3692.0,1150.0,5776.0,1602.0,857.0,1039.0,425.0,3303.0,4185.0,750.0,22.0,1958.0,517.0,474.0,10.0,108.0,6.0,367.0,4.0
ZCON_37_LL_B,315.0,3546.0,1921.0,5152.0,2364.0,3522.0,956.0,2340.0,5207.0,691.0,2330.0,3145.0,882.0,3738.0,4161.0,893.0,675.0,1834.0,3878.0,1406.0,1010.0,636.0,1188.0,220.0,1375.0,4560.0,1874.0,4133.0,1822.0,804.0,676.0,1331.0,964.0,4509.0,1736.0,2863.0,2160.0,1066.0,2821.0,1392.0,2287.0,4581.0,849.0,1901.0,2046.0,4908.0,1380.0,1130.0,3527.0,3214.0,2382.0,1464.0,853.0,4045.0,5332.0,3163.0,546.0,2241.0,1396.0,1279.0,2774.0,4079.0,3720.0,1049.0,1316.0,2249.0,1195.0,461.0,836.0,999.0,7067.0,6963.0,3542.0,2146.0,6945.0,3628.0,532.0,2124.0,383.0,884.0,2.0,1342.0,3093.0,830.0,3191.0,10286.0,2999.0,2285.0,1754.0,,658.0,3997.0,881.0,3424.0,1319.0,6.0,458.0,2.0,2411.0,28.0,2397.0,2147.0,729.0,1598.0,2407.0,5467.0,742.0,2503.0,1.0,954.0,987.0,3159.0,2980.0,1508.0,1406.0,267.0,452.0,93.0,546.0,420.0,470.0,1563.0
ZCON_37_resurf_A,337.0,1372.0,2767.0,769.0,845.0,816.0,159.0,10.0,2082.0,1416.0,151.0,3615.0,576.0,2773.0,2173.0,7.0,754.0,600.0,1323.0,1656.0,265.0,537.0,181.0,608.0,399.0,1919.0,553.0,3914.0,2372.0,1388.0,433.0,263.0,894.0,297.0,495.0,1654.0,2482.0,930.0,680.0,859.0,1564.0,4498.0,299.0,192.0,657.0,2833.0,1948.0,503.0,1357.0,11.0,930.0,1594.0,67.0,2367.0,2614.0,1691.0,302.0,314.0,1010.0,27.0,896.0,4222.0,447.0,1772.0,688.0,1893.0,205.0,430.0,501.0,354.0,3096.0,3038.0,886.0,1211.0,3453.0,2157.0,3261.0,573.0,865.0,356.0,1.0,912.0,2222.0,89.0,914.0,1345.0,1295.0,1391.0,1836.0,1.0,1279.0,998.0,1477.0,1075.0,16.0,713.0,282.0,1.0,1021.0,3837.0,,2572.0,474.0,3403.0,941.0,1185.0,837.0,997.0,3.0,397.0,1075.0,1474.0,1.0,556.0,2111.0,327.0,586.0,3.0,1.0,394.0,1.0,1.0
ZCON_37_resurf_B,1028.0,2958.0,6639.0,2846.0,2443.0,1844.0,2389.0,1276.0,850.0,324.0,958.0,1117.0,631.0,1837.0,3538.0,350.0,1676.0,619.0,4565.0,691.0,107.0,261.0,67.0,960.0,1115.0,888.0,1956.0,726.0,702.0,386.0,1438.0,738.0,394.0,2135.0,418.0,714.0,2009.0,716.0,524.0,848.0,180.0,5591.0,218.0,2254.0,760.0,1840.0,536.0,1944.0,1532.0,1552.0,533.0,1375.0,644.0,2284.0,351.0,1596.0,1678.0,1637.0,1073.0,1108.0,3741.0,2734.0,1114.0,1019.0,1044.0,1821.0,331.0,477.0,911.0,243.0,2325.0,2902.0,1473.0,1619.0,2024.0,1308.0,925.0,585.0,247.0,33.0,94.0,722.0,1497.0,125.0,1502.0,5376.0,1470.0,4284.0,2639.0,3.0,341.0,3233.0,1665.0,2652.0,701.0,1013.0,149.0,1303.0,1657.0,959.0,948.0,437.0,49.0,1940.0,1722.0,293.0,1035.0,1378.0,275.0,961.0,624.0,770.0,544.0,698.0,784.0,759.0,19.0,598.0,366.0,597.0,187.0,1039.0
ZCON_VR_2_A,685.0,4753.0,5326.0,1045.0,3076.0,1327.0,1748.0,1472.0,1659.0,490.0,1001.0,4518.0,845.0,4079.0,2882.0,988.0,3375.0,1201.0,5039.0,1024.0,209.0,491.0,880.0,664.0,1863.0,4605.0,4027.0,3270.0,2551.0,2357.0,1945.0,520.0,2660.0,2687.0,1888.0,2691.0,2064.0,270.0,1373.0,2697.0,1009.0,4381.0,222.0,962.0,4668.0,6327.0,665.0,718.0,3149.0,2304.0,4356.0,3182.0,7.0,2771.0,2499.0,3164.0,786.0,2822.0,987.0,535.0,2458.0,4404.0,1897.0,764.0,4100.0,4821.0,4.0,859.0,1083.0,6.0,2900.0,3447.0,382.0,2512.0,5593.0,2988.0,40.0,963.0,954.0,1120.0,,215.0,2841.0,1309.0,1065.0,5648.0,1247.0,2066.0,4449.0,857.0,3936.0,2883.0,532.0,1539.0,279.0,817.0,2072.0,172.0,3660.0,4332.0,2788.0,2855.0,173.0,550.0,1407.0,4544.0,680.0,3012.0,1.0,892.0,1042.0,4191.0,470.0,1613.0,306.0,270.0,617.0,1117.0,216.0,159.0,3.0,3.0
ZCON_VR_2_B,411.0,5095.0,3406.0,1895.0,5493.0,3493.0,1433.0,1236.0,5055.0,1472.0,4582.0,3194.0,437.0,1920.0,1724.0,1230.0,1914.0,3280.0,3052.0,363.0,128.0,1162.0,244.0,1923.0,1451.0,4116.0,2509.0,3001.0,4507.0,3507.0,1512.0,166.0,3269.0,3829.0,3679.0,3964.0,2272.0,1807.0,1414.0,1605.0,3636.0,3914.0,808.0,1206.0,1759.0,4165.0,329.0,1594.0,2211.0,989.0,3293.0,2157.0,5.0,4348.0,5570.0,2345.0,3901.0,3985.0,661.0,1760.0,4462.0,7094.0,2209.0,4284.0,1030.0,3034.0,2433.0,1051.0,1364.0,565.0,8517.0,4329.0,1211.0,5648.0,6453.0,4995.0,1808.0,935.0,866.0,540.0,469.0,241.0,401.0,1492.0,1877.0,9174.0,248.0,2477.0,4267.0,1240.0,3553.0,4486.0,1142.0,2396.0,1098.0,455.0,1524.0,930.0,3933.0,5276.0,706.0,2006.0,949.0,5103.0,2797.0,1659.0,3636.0,652.0,124.0,279.0,2988.0,3327.0,1422.0,2316.0,1370.0,2204.0,1199.0,785.0,1442.0,353.0,138.0,5.0
ZCON_VR_2_cutT2_A,821.0,2409.0,2791.0,695.0,2202.0,847.0,268.0,229.0,1955.0,227.0,2134.0,1288.0,215.0,2184.0,1134.0,468.0,662.0,304.0,1243.0,522.0,153.0,757.0,838.0,656.0,596.0,2625.0,978.0,475.0,1991.0,920.0,576.0,165.0,646.0,14.0,848.0,3459.0,579.0,255.0,101.0,985.0,384.0,3329.0,3.0,806.0,11.0,616.0,5.0,556.0,859.0,1358.0,1776.0,17.0,52.0,653.0,466.0,585.0,2366.0,599.0,291.0,452.0,970.0,1603.0,1583.0,776.0,1062.0,1033.0,4.0,250.0,434.0,534.0,3339.0,1789.0,630.0,1972.0,1352.0,464.0,107.0,392.0,4.0,2.0,2.0,217.0,2854.0,1392.0,636.0,2674.0,532.0,1882.0,1941.0,456.0,1069.0,557.0,1740.0,1722.0,973.0,385.0,1.0,2.0,924.0,1978.0,1642.0,174.0,435.0,1064.0,2.0,362.0,3.0,105.0,398.0,886.0,436.0,907.0,291.0,2.0,1015.0,1.0,384.0,635.0,1.0,3.0,2.0,
ZCON_VR_2_cutT2_B,205.0,2385.0,1342.0,911.0,1345.0,1975.0,641.0,11.0,568.0,722.0,1195.0,2085.0,1082.0,3037.0,1603.0,468.0,7.0,696.0,3774.0,378.0,105.0,213.0,201.0,1356.0,1676.0,4236.0,1304.0,1122.0,1011.0,1678.0,1101.0,66.0,2716.0,1151.0,924.0,3301.0,1891.0,1254.0,11.0,1857.0,553.0,1944.0,5.0,10.0,2548.0,668.0,2160.0,860.0,2017.0,1639.0,1995.0,2162.0,198.0,3534.0,528.0,4504.0,2172.0,1007.0,2449.0,401.0,1801.0,3793.0,1512.0,1344.0,932.0,287.0,1211.0,248.0,3089.0,653.0,1749.0,2478.0,2235.0,1371.0,1666.0,2830.0,1826.0,947.0,7.0,969.0,2.0,1267.0,2372.0,1224.0,3636.0,4646.0,459.0,1560.0,3372.0,13.0,3232.0,4982.0,560.0,1496.0,275.0,4.0,218.0,2.0,3155.0,2216.0,1369.0,3283.0,957.0,5122.0,271.0,462.0,942.0,437.0,201.0,178.0,2006.0,2029.0,639.0,9.0,423.0,1858.0,689.0,1497.0,1150.0,222.0,3.0,1.0
ZCON_VR_2_cutT4_A,660.0,2830.0,312.0,877.0,3320.0,2158.0,280.0,328.0,330.0,111.0,98.0,611.0,1.0,13.0,1580.0,725.0,623.0,1585.0,1006.0,279.0,1.0,5.0,173.0,4.0,7.0,2027.0,603.0,1746.0,7.0,355.0,555.0,541.0,362.0,523.0,302.0,843.0,542.0,145.0,89.0,475.0,2798.0,1008.0,327.0,2.0,1497.0,9.0,272.0,218.0,7.0,3.0,462.0,1755.0,1.0,5.0,38.0,670.0,346.0,788.0,7.0,480.0,1725.0,3019.0,1715.0,1142.0,492.0,202.0,981.0,1.0,1189.0,142.0,1144.0,1484.0,147.0,505.0,1584.0,651.0,4.0,1023.0,,1.0,613.0,314.0,988.0,455.0,903.0,2969.0,671.0,1078.0,9.0,2.0,1056.0,3067.0,641.0,1650.0,433.0,3.0,1.0,436.0,1659.0,1163.0,432.0,752.0,160.0,570.0,3123.0,1094.0,9.0,3.0,,1.0,166.0,606.0,505.0,691.0,5.0,1.0,1.0,364.0,2.0,161.0,,
ZCON_VR_2_cutT4_B,469.0,2067.0,1677.0,1969.0,1934.0,285.0,2.0,484.0,717.0,323.0,253.0,4124.0,373.0,2618.0,1575.0,899.0,1195.0,8.0,1900.0,174.0,152.0,911.0,2.0,1026.0,167.0,492.0,1058.0,11.0,559.0,869.0,68.0,1.0,159.0,14.0,311.0,512.0,795.0,36.0,2104.0,113.0,701.0,1292.0,14.0,169.0,1357.0,258.0,5.0,510.0,874.0,444.0,4014.0,2664.0,5.0,639.0,12.0,1972.0,8.0,1193.0,422.0,775.0,363.0,2367.0,1396.0,1145.0,441.0,412.0,858.0,593.0,3.0,132.0,2199.0,203.0,1204.0,1491.0,2996.0,870.0,7.0,449.0,4.0,219.0,444.0,5.0,1773.0,267.0,397.0,4935.0,987.0,469.0,1941.0,,10.0,88.0,1975.0,1780.0,3.0,5.0,1.0,,1429.0,727.0,727.0,1859.0,131.0,2568.0,128.0,1311.0,4.0,4.0,,1.0,727.0,788.0,915.0,1463.0,118.0,1.0,2.0,4.0,319.0,3.0,,1493.0
ZCON_VR_2_cutT6_A,174.0,542.0,460.0,547.0,1153.0,530.0,2.0,3.0,1.0,,182.0,255.0,447.0,7.0,473.0,373.0,5.0,492.0,775.0,2.0,,218.0,,101.0,472.0,6.0,739.0,7.0,99.0,4.0,1030.0,55.0,354.0,5.0,1.0,3.0,4.0,4.0,398.0,3.0,89.0,5.0,,198.0,689.0,1367.0,891.0,124.0,,474.0,5.0,435.0,533.0,1221.0,326.0,451.0,1.0,155.0,1.0,2.0,465.0,1219.0,463.0,296.0,238.0,179.0,,1.0,1630.0,,1254.0,1283.0,323.0,524.0,419.0,373.0,456.0,,2.0,259.0,,1.0,205.0,1.0,443.0,7.0,1.0,3.0,1221.0,,620.0,3.0,167.0,1731.0,2.0,595.0,611.0,1.0,1073.0,284.0,301.0,770.0,37.0,225.0,879.0,2.0,367.0,2.0,,1.0,3.0,277.0,3.0,1.0,1.0,,,,1.0,,,
ZCON_VR_2_cutT6_B,1.0,835.0,1942.0,2456.0,1218.0,398.0,122.0,654.0,200.0,10.0,464.0,2255.0,465.0,954.0,287.0,46.0,534.0,559.0,9.0,3.0,194.0,205.0,379.0,197.0,554.0,747.0,380.0,5.0,87.0,1346.0,764.0,3.0,807.0,1574.0,572.0,1368.0,1120.0,348.0,168.0,493.0,4.0,127.0,70.0,4.0,4.0,2493.0,426.0,631.0,237.0,1076.0,277.0,402.0,,461.0,294.0,372.0,186.0,2.0,1273.0,61.0,5.0,1141.0,267.0,327.0,3.0,3.0,3.0,349.0,6.0,347.0,2370.0,3163.0,943.0,344.0,1464.0,118.0,1.0,2.0,,,1.0,343.0,1814.0,4.0,9.0,557.0,828.0,979.0,472.0,385.0,956.0,4.0,4.0,466.0,817.0,3.0,1.0,1.0,609.0,539.0,274.0,202.0,73.0,8.0,34.0,461.0,225.0,1.0,1.0,,292.0,468.0,487.0,2.0,4.0,2.0,1.0,5.0,280.0,,,1.0
ZCON_VR_2_resurf_A,2.0,2096.0,2505.0,3204.0,1366.0,455.0,552.0,941.0,1354.0,985.0,2050.0,2794.0,41.0,896.0,1222.0,963.0,821.0,1043.0,3253.0,578.0,59.0,2445.0,580.0,144.0,74.0,2745.0,1910.0,1301.0,1199.0,1239.0,533.0,3.0,1498.0,858.0,332.0,2807.0,345.0,609.0,1797.0,1214.0,711.0,1518.0,90.0,1003.0,1033.0,1925.0,1036.0,1618.0,803.0,1577.0,1323.0,1176.0,,2370.0,434.0,1209.0,801.0,676.0,898.0,169.0,1996.0,2260.0,1210.0,320.0,396.0,556.0,249.0,3.0,4.0,234.0,2879.0,1031.0,3349.0,1541.0,5722.0,1273.0,198.0,34.0,294.0,241.0,1.0,7.0,1399.0,595.0,1298.0,4636.0,1794.0,1512.0,2567.0,364.0,1518.0,633.0,710.0,190.0,1096.0,746.0,2.0,585.0,3626.0,1875.0,478.0,1195.0,1129.0,1272.0,715.0,1643.0,1241.0,491.0,54.0,798.0,424.0,1699.0,271.0,639.0,398.0,477.0,2.0,627.0,2.0,919.0,145.0,1.0
ZCON_VR_2_resurf_B,490.0,2537.0,4119.0,2923.0,1793.0,1347.0,591.0,1732.0,4416.0,1062.0,1891.0,2971.0,9.0,2479.0,1770.0,1395.0,962.0,3722.0,1158.0,959.0,420.0,1342.0,614.0,698.0,709.0,4603.0,9763.0,3907.0,2103.0,2837.0,2827.0,666.0,624.0,2033.0,1133.0,2183.0,3723.0,2314.0,2455.0,978.0,1112.0,7117.0,223.0,1772.0,1171.0,596.0,1332.0,883.0,4516.0,546.0,1593.0,2957.0,2.0,2571.0,2187.0,3347.0,2208.0,916.0,190.0,1648.0,1536.0,7082.0,2034.0,1258.0,832.0,3146.0,1597.0,507.0,598.0,1328.0,5862.0,4183.0,4044.0,1559.0,5742.0,2444.0,1034.0,382.0,6.0,202.0,5.0,2397.0,4963.0,1198.0,2561.0,8348.0,3314.0,2406.0,515.0,5.0,742.0,3307.0,3562.0,5028.0,5.0,865.0,2.0,670.0,667.0,3912.0,242.0,1421.0,667.0,2182.0,1096.0,1855.0,1134.0,365.0,1577.0,1236.0,279.0,479.0,2598.0,1409.0,9.0,6.0,894.0,1451.0,3.0,4.0,189.0,458.0
mALb8_A,709.0,2150.0,497.0,197.0,1781.0,251.0,588.0,847.0,388.0,715.0,1008.0,481.0,2.0,1285.0,167.0,104.0,269.0,655.0,1615.0,715.0,3.0,759.0,2.0,467.0,516.0,749.0,1497.0,1940.0,1192.0,909.0,5.0,324.0,523.0,997.0,675.0,7.0,844.0,428.0,1687.0,2640.0,1095.0,18.0,1.0,1406.0,1719.0,1885.0,209.0,474.0,455.0,848.0,1446.0,1839.0,,63.0,440.0,1286.0,616.0,1316.0,1246.0,1049.0,853.0,2844.0,1590.0,1338.0,824.0,475.0,430.0,460.0,4.0,2.0,2263.0,1880.0,479.0,146.0,2786.0,1763.0,451.0,147.0,2.0,44.0,417.0,312.0,1202.0,278.0,406.0,4616.0,789.0,727.0,813.0,,982.0,1157.0,1237.0,852.0,309.0,,1.0,2.0,1731.0,205.0,267.0,305.0,171.0,1588.0,7.0,424.0,57.0,391.0,1.0,155.0,382.0,710.0,2.0,5.0,1.0,3.0,1.0,1.0,220.0,313.0,1.0,
mALb8_B,3.0,1990.0,1473.0,2602.0,313.0,1356.0,787.0,4.0,619.0,1345.0,15.0,711.0,194.0,2375.0,1533.0,339.0,1568.0,1638.0,2325.0,119.0,361.0,584.0,61.0,1023.0,935.0,1515.0,237.0,1449.0,1465.0,1075.0,842.0,359.0,993.0,2667.0,579.0,917.0,220.0,662.0,897.0,1452.0,257.0,3143.0,298.0,1136.0,605.0,536.0,827.0,618.0,802.0,1176.0,159.0,4.0,92.0,1870.0,46.0,907.0,239.0,256.0,892.0,357.0,1317.0,2529.0,599.0,242.0,256.0,1007.0,970.0,531.0,4.0,5.0,4240.0,1198.0,369.0,1016.0,3368.0,791.0,1030.0,4.0,4.0,4.0,,1937.0,1735.0,565.0,540.0,1704.0,1835.0,2062.0,2318.0,,1821.0,554.0,724.0,2064.0,2.0,4.0,,3.0,823.0,540.0,1380.0,1031.0,377.0,349.0,1627.0,359.0,246.0,970.0,156.0,80.0,1062.0,2622.0,801.0,5.0,2.0,5.0,2.0,814.0,1.0,1.0,2.0,2.0
mALb8_cutT1_A,188.0,1253.0,457.0,127.0,651.0,769.0,363.0,323.0,195.0,368.0,2.0,1036.0,1.0,599.0,1911.0,13.0,1462.0,1614.0,1013.0,600.0,502.0,399.0,257.0,24.0,1323.0,2099.0,698.0,975.0,963.0,8.0,3.0,141.0,1245.0,156.0,151.0,305.0,11.0,658.0,308.0,1638.0,591.0,241.0,2.0,6.0,651.0,465.0,1170.0,1465.0,1631.0,1558.0,1404.0,935.0,61.0,1900.0,2101.0,341.0,1901.0,314.0,1.0,279.0,907.0,1044.0,1064.0,308.0,997.0,811.0,4.0,7.0,1619.0,290.0,1554.0,1913.0,628.0,433.0,1793.0,710.0,383.0,2.0,224.0,1.0,2.0,2.0,571.0,1037.0,2911.0,22.0,1041.0,1361.0,502.0,1.0,5.0,843.0,2101.0,1737.0,2.0,1.0,,,185.0,1145.0,439.0,411.0,144.0,1577.0,4.0,312.0,7.0,2.0,1.0,3.0,188.0,1655.0,491.0,1400.0,2.0,2.0,2.0,5.0,1.0,2.0,2.0,1.0
mALb8_cutT1_B,547.0,961.0,94.0,550.0,449.0,1742.0,2.0,395.0,881.0,846.0,3.0,675.0,1.0,699.0,877.0,212.0,452.0,5.0,661.0,,41.0,1457.0,1031.0,366.0,606.0,326.0,927.0,270.0,277.0,1494.0,285.0,98.0,504.0,2.0,588.0,701.0,1373.0,2.0,482.0,3.0,695.0,438.0,,458.0,1646.0,1212.0,,556.0,2542.0,400.0,1858.0,28.0,42.0,2.0,478.0,340.0,86.0,1406.0,2.0,130.0,1629.0,3242.0,1190.0,4.0,510.0,2374.0,701.0,284.0,1.0,2.0,1415.0,363.0,1015.0,4.0,2097.0,350.0,2.0,3.0,630.0,199.0,90.0,307.0,1130.0,493.0,802.0,1845.0,5.0,402.0,8.0,3.0,242.0,1962.0,3.0,1246.0,818.0,1.0,1.0,,115.0,440.0,3.0,180.0,1.0,1598.0,126.0,619.0,1.0,581.0,,808.0,817.0,856.0,92.0,,4.0,59.0,,1215.0,,1.0,,1.0
mALb8_cutT2_A,366.0,324.0,507.0,842.0,141.0,237.0,782.0,40.0,189.0,5.0,451.0,917.0,1.0,8.0,14.0,3.0,1054.0,651.0,263.0,1.0,1.0,551.0,68.0,1743.0,328.0,2798.0,8.0,540.0,3.0,60.0,125.0,2.0,221.0,693.0,3.0,585.0,170.0,1466.0,2.0,417.0,200.0,502.0,76.0,6.0,1586.0,2486.0,713.0,2.0,453.0,1007.0,227.0,758.0,1.0,1.0,356.0,1705.0,98.0,4.0,34.0,164.0,974.0,481.0,6.0,56.0,5.0,444.0,5.0,1.0,391.0,3.0,2218.0,958.0,10.0,120.0,305.0,802.0,569.0,879.0,2.0,2.0,480.0,3.0,451.0,96.0,883.0,2190.0,493.0,34.0,4.0,,3.0,4.0,6.0,2210.0,881.0,,1.0,332.0,879.0,1043.0,200.0,,1055.0,1021.0,2.0,4.0,1444.0,213.0,2.0,2.0,589.0,8.0,681.0,926.0,1.0,,,496.0,,2.0,1.0,1.0
mALb8_cutT2_B,558.0,1119.0,115.0,6.0,1698.0,2282.0,93.0,876.0,1131.0,101.0,64.0,903.0,1.0,2482.0,1936.0,,841.0,2.0,9.0,247.0,1.0,1415.0,2.0,965.0,,5.0,196.0,4.0,2275.0,1043.0,46.0,1.0,7.0,448.0,7.0,1435.0,2.0,210.0,1055.0,899.0,1063.0,5.0,147.0,5.0,587.0,288.0,1.0,2.0,1499.0,4.0,666.0,213.0,,3.0,78.0,5.0,1023.0,294.0,1.0,164.0,1089.0,1088.0,1619.0,195.0,3.0,420.0,442.0,783.0,1.0,1.0,405.0,1311.0,2.0,429.0,12.0,2552.0,3.0,519.0,2.0,1.0,,1.0,283.0,,257.0,1710.0,230.0,2256.0,8.0,,2460.0,324.0,1247.0,911.0,,1.0,,1.0,622.0,620.0,4.0,2.0,777.0,315.0,600.0,468.0,3.0,1.0,,4.0,713.0,292.0,269.0,6.0,176.0,1.0,,,,,1.0,
mALb8_cutT3_A,71.0,835.0,913.0,39.0,309.0,378.0,,1567.0,297.0,155.0,310.0,1920.0,1.0,1259.0,211.0,9.0,519.0,1323.0,2284.0,3.0,1.0,297.0,523.0,470.0,237.0,1146.0,312.0,2468.0,18.0,319.0,450.0,,2.0,8.0,116.0,465.0,2184.0,59.0,829.0,12.0,125.0,334.0,118.0,314.0,1602.0,418.0,189.0,3.0,5.0,2.0,3.0,367.0,1.0,504.0,877.0,9.0,230.0,5.0,37.0,500.0,6.0,916.0,9.0,882.0,217.0,2.0,2.0,273.0,208.0,142.0,495.0,125.0,1555.0,3.0,11.0,395.0,231.0,638.0,3.0,,156.0,2.0,916.0,1.0,7.0,680.0,330.0,1527.0,552.0,,502.0,4.0,4.0,6.0,1.0,196.0,,259.0,3.0,7.0,905.0,830.0,2.0,1262.0,1.0,481.0,4.0,,,3.0,761.0,4.0,275.0,4.0,5.0,1.0,376.0,1.0,,,,2.0
mALb8_cutT3_B,72.0,406.0,647.0,379.0,257.0,3.0,315.0,194.0,5.0,1.0,177.0,451.0,1.0,433.0,2096.0,338.0,1544.0,3.0,182.0,2.0,149.0,154.0,3.0,471.0,1060.0,2028.0,447.0,7.0,596.0,401.0,411.0,269.0,2.0,347.0,354.0,1.0,4.0,,201.0,66.0,251.0,896.0,1.0,714.0,3.0,1253.0,,2.0,3.0,419.0,5.0,4.0,1.0,4.0,3.0,1506.0,2487.0,203.0,,2.0,1675.0,693.0,314.0,2.0,337.0,767.0,395.0,173.0,467.0,,290.0,228.0,950.0,1.0,11.0,991.0,251.0,,2.0,257.0,3.0,148.0,5.0,3.0,286.0,2824.0,720.0,1602.0,638.0,2.0,6.0,197.0,448.0,1501.0,32.0,1.0,,3.0,857.0,268.0,647.0,,32.0,6.0,2.0,3.0,3.0,419.0,46.0,304.0,5.0,444.0,3.0,2.0,1.0,2.0,190.0,2366.0,1.0,224.0,,
mALb8_cutT4_A,131.0,718.0,3.0,648.0,3.0,203.0,,130.0,400.0,1.0,,642.0,,216.0,712.0,1.0,236.0,3.0,2.0,380.0,1.0,,,,151.0,8.0,108.0,416.0,783.0,3.0,1.0,,1573.0,1110.0,102.0,1.0,732.0,,528.0,116.0,311.0,6.0,,1.0,927.0,1565.0,536.0,1.0,450.0,401.0,2.0,495.0,,525.0,782.0,3.0,47.0,1128.0,1.0,2.0,1239.0,515.0,1711.0,433.0,176.0,2.0,2.0,1.0,1.0,1.0,1983.0,1820.0,1.0,202.0,619.0,592.0,124.0,889.0,1689.0,,,,4.0,859.0,315.0,82.0,5.0,4.0,4.0,1.0,1.0,601.0,3.0,538.0,,,,,6.0,2.0,1.0,421.0,714.0,691.0,3.0,472.0,6.0,3.0,332.0,303.0,4.0,400.0,658.0,4.0,,1.0,1.0,1.0,,1.0,391.0,
mALb8_cutT4_B,1.0,9.0,4.0,81.0,818.0,1.0,1.0,361.0,1325.0,364.0,3.0,251.0,,7.0,3.0,1.0,1.0,2.0,663.0,,67.0,547.0,580.0,1616.0,451.0,6.0,250.0,621.0,5.0,5.0,1.0,1.0,469.0,501.0,226.0,4.0,338.0,1.0,231.0,2.0,1.0,346.0,2.0,169.0,4.0,2006.0,139.0,3.0,561.0,255.0,3.0,728.0,,74.0,2.0,5.0,317.0,2.0,,80.0,4.0,391.0,6.0,2.0,1.0,578.0,,422.0,,1.0,2916.0,3956.0,1123.0,3.0,8.0,411.0,1.0,2.0,2.0,1.0,,,5.0,385.0,643.0,774.0,1.0,795.0,7.0,1.0,209.0,760.0,5.0,699.0,3.0,2.0,,,2.0,621.0,,993.0,1.0,3.0,3.0,4.0,3.0,1.0,291.0,1.0,126.0,671.0,1.0,566.0,297.0,,1.0,1.0,,1261.0,,
